date,year,mo,da,temp,dewp,slp,visib,wdsp,mxpsd,gust,max,min,prcp,sndp,fog
2012-01-01,2012,01,01,46.6,38.2,1015.2,10.0,5.2,13.0,17.1,51.1,35.6,0.01,999.9,0
2012-01-02,2012,01,02,42.1,25.6,1006.7,9.8,8.9,18.1,22.9,51.1,36.0,0.05,999.9,0
2012-01-03,2012,01,03,28.5,12.4,1011.7,10.0,8.8,15.0,24.1,39.9,21.9,0.0,999.9,0
2012-01-04,2012,01,04,18.4,1.1,1020.4,10.0,7.2,22.0,999.9,27.0,12.9,0.0,999.9,0
2012-01-05,2012,01,05,31.6,15.4,1013.2,10.0,5.8,13.0,18.1,39.9,27.0,0.0,999.9,0
2012-01-06,2012,01,06,41.8,25.4,1011.4,9.8,6.0,12.0,14.0,52.0,32.0,0.0,999.9,0
2012-01-07,2012,01,07,52.9,31.0,1008.1,10.0,5.6,11.1,19.0,62.1,43.0,0.0,999.9,0
2012-01-08,2012,01,08,44.3,25.2,1019.4,10.0,7.1,13.0,17.1,57.0,37.9,0.0,999.9,0
2012-01-09,2012,01,09,35.0,17.9,1024.8,10.0,3.1,12.0,999.9,41.0,30.9,0.0,999.9,0
2012-01-10,2012,01,10,39.5,25.1,1014.0,9.2,6.3,11.1,15.9,46.9,33.1,0.0,999.9,0
2012-01-11,2012,01,11,42.1,27.3,1016.8,10.0,4.4,15.0,15.9,46.9,36.0,0.0,999.9,0
2012-01-12,2012,01,12,43.1,39.8,1004.2,5.7,9.0,26.0,35.0,50.0,41.0,0.95,999.9,0
2012-01-13,2012,01,13,38.8,32.0,998.9,6.9,8.3,35.0,999.9,51.1,28.9,0.59,999.9,0
2012-01-14,2012,01,14,29.6,15.4,1012.1,10.0,8.3,25.1,26.0,35.1,28.0,0.09,999.9,0
2012-01-15,2012,01,15,22.1,2.3,1025.7,10.0,7.6,19.0,21.0,32.0,15.1,0.0,999.9,0
2012-01-16,2012,01,16,22.9,6.1,1033.3,10.0,4.3,15.0,17.1,35.1,15.1,0.0,999.9,0
2012-01-17,2012,01,17,39.8,34.6,1023.6,7.6,6.6,19.0,22.9,48.0,35.1,0.08,999.9,0
2012-01-18,2012,01,18,42.0,25.3,1016.1,10.0,9.8,17.1,29.9,54.0,28.9,0.15,999.9,0
2012-01-19,2012,01,19,26.6,11.8,1021.2,10.0,5.3,12.0,14.0,36.0,19.9,0.0,999.9,0
2012-01-20,2012,01,20,31.2,13.0,1019.1,10.0,6.7,16.9,18.1,37.0,24.1,0.0,999.9,0
2012-01-21,2012,01,21,25.9,17.0,1021.3,5.7,7.2,16.9,21.0,33.1,23.0,0.11,999.9,1
2012-01-22,2012,01,22,24.4,16.7,1030.2,10.0,7.2,18.1,999.9,35.1,18.0,0.28,1.2,0
2012-01-23,2012,01,23,38.5,35.6,1025.9,5.3,5.8,15.0,20.0,51.1,33.1,0.0,3.1,1
2012-01-24,2012,01,24,49.3,41.6,1015.2,8.2,7.3,12.0,19.0,53.6,43.0,0.37,2.0,1
2012-01-25,2012,01,25,41.4,26.6,1022.5,10.0,6.8,15.9,17.1,46.9,37.9,0.0,999.9,0
2012-01-26,2012,01,26,36.5,28.5,1021.9,8.7,3.1,8.0,14.0,39.9,33.1,0.02,999.9,0
2012-01-27,2012,01,27,47.5,45.0,1003.9,4.1,5.9,16.9,26.0,59.0,37.0,0.16,999.9,1
2012-01-28,2012,01,28,42.4,27.2,1012.3,10.0,8.0,16.9,24.1,48.9,37.9,0.47,999.9,0
2012-01-29,2012,01,29,41.0,26.5,1017.1,9.9,13.5,15.0,999.9,43.0,39.0,0.0,999.9,0
2012-01-30,2012,01,30,39.7,24.5,1018.6,9.9,13.3,19.0,999.9,41.0,37.9,0.0,999.9,0
2012-01-31,2012,01,31,44.7,28.9,1020.9,9.4,8.3,11.1,15.0,55.9,32.0,0.0,999.9,0
2012-02-01,2012,02,01,55.1,35.7,1014.3,9.9,7.1,14.0,21.0,62.1,42.1,0.0,999.9,0
2012-02-02,2012,02,02,45.6,31.4,1016.6,10.0,5.8,18.1,999.9,57.0,39.0,0.01,999.9,0
2012-02-03,2012,02,03,36.7,18.3,1027.1,10.0,7.2,16.9,19.0,44.1,30.0,0.0,999.9,0
2012-02-04,2012,02,04,41.3,21.5,1024.8,10.0,3.7,15.0,999.9,45.0,32.0,0.0,999.9,0
2012-02-05,2012,02,05,36.0,19.2,1020.1,10.0,5.3,11.1,15.0,42.1,30.9,0.0,999.9,0
2012-02-06,2012,02,06,39.5,21.1,1019.1,10.0,6.5,18.1,999.9,51.1,28.0,0.0,999.9,0
2012-02-07,2012,02,07,43.7,25.4,1017.0,10.0,6.1,14.0,17.1,48.9,39.0,0.0,999.9,0
2012-02-08,2012,02,08,35.5,18.7,1023.4,9.9,4.3,14.0,999.9,43.0,30.9,0.0,999.9,0
2012-02-09,2012,02,09,35.7,23.0,1019.1,8.3,5.3,12.0,15.0,45.0,30.2,0.01,999.9,0
2012-02-10,2012,02,10,39.3,21.4,1018.9,10.0,5.0,9.9,14.0,45.0,30.9,0.0,999.9,0
2012-02-11,2012,02,11,36.0,28.7,1008.0,5.8,4.2,15.9,17.1,43.0,33.1,0.06,999.9,0
2012-02-12,2012,02,12,29.2,12.2,1007.7,9.2,10.5,23.9,25.1,37.0,21.0,0.08,999.9,0
2012-02-13,2012,02,13,33.0,13.8,1015.0,10.0,7.9,22.9,999.9,43.0,21.0,0.01,999.9,0
2012-02-14,2012,02,14,40.4,16.6,1017.6,10.0,3.8,11.1,15.9,46.9,36.0,0.0,999.9,0
2012-02-15,2012,02,15,42.3,36.4,1020.5,7.7,3.2,8.0,17.1,46.0,39.9,0.02,999.9,0
2012-02-16,2012,02,16,40.3,32.6,1024.3,8.3,3.7,7.0,999.9,45.0,36.0,0.01,999.9,0
2012-02-17,2012,02,17,45.0,34.7,1015.4,7.0,6.2,14.0,22.9,50.0,39.9,0.22,999.9,0
2012-02-18,2012,02,18,41.5,20.8,1015.9,10.0,5.6,16.9,17.1,48.0,35.1,0.03,999.9,0
2012-02-19,2012,02,19,39.1,25.0,1016.9,9.8,5.7,15.0,19.0,44.1,35.1,0.02,999.9,0
2012-02-20,2012,02,20,37.6,17.1,1014.6,10.0,7.5,22.0,999.9,46.0,30.9,0.0,999.9,0
2012-02-21,2012,02,21,38.5,20.7,1024.6,10.0,6.1,14.0,22.9,46.0,32.0,0.0,999.9,0
2012-02-22,2012,02,22,48.4,33.8,1006.1,9.8,6.2,12.0,18.1,55.9,41.0,0.0,999.9,0
2012-02-23,2012,02,23,51.5,34.8,999.2,10.0,6.3,16.9,22.9,57.0,43.0,0.0,999.9,0
2012-02-24,2012,02,24,41.8,34.0,1004.1,6.2,7.5,13.0,20.0,48.9,35.6,0.29,999.9,0
2012-02-25,2012,02,25,41.3,25.5,999.6,9.4,11.6,34.0,35.0,46.9,37.4,0.31,999.9,0
2012-02-26,2012,02,26,35.7,12.1,1025.2,10.0,8.4,20.0,999.9,45.0,28.9,0.0,999.9,0
2012-02-27,2012,02,27,43.2,24.8,1027.2,10.0,2.3,9.9,999.9,55.9,27.0,0.0,999.9,0
2012-02-28,2012,02,28,45.5,23.3,1025.8,10.0,5.2,20.0,26.0,53.1,39.9,0.0,999.9,0
2012-02-29,2012,02,29,40.1,27.7,1024.2,7.6,4.3,11.1,18.1,44.1,30.9,0.0,999.9,0
2012-03-01,2012,03,01,39.2,37.7,1006.9,6.4,0.2,18.1,999.9,44.1,37.4,0.47,999.9,0
2012-03-02,2012,03,02,36.9,30.6,1017.3,10.0,5.7,16.9,999.9,41.0,33.1,0.13,999.9,0
2012-03-03,2012,03,03,46.9,39.1,1002.9,6.2,3.5,20.0,21.0,55.9,39.2,0.23,999.9,1
2012-03-04,2012,03,04,43.1,19.6,1004.0,10.0,6.6,14.0,20.0,54.0,39.0,0.05,999.9,0
2012-03-05,2012,03,05,36.7,15.6,1012.9,9.9,7.3,16.9,21.0,44.1,32.0,0.0,999.9,0
2012-03-06,2012,03,06,32.5,9.1,1032.7,10.0,6.3,16.9,19.0,44.1,25.0,0.0,999.9,0
2012-03-07,2012,03,07,46.3,26.9,1032.7,10.0,7.5,18.1,20.0,61.0,33.1,0.0,999.9,0
2012-03-08,2012,03,08,59.9,45.4,1022.2,10.0,6.6,21.0,27.0,70.0,46.0,0.0,999.9,0
2012-03-09,2012,03,09,49.2,31.2,1015.9,9.9,7.7,22.9,26.0,66.0,41.0,0.02,999.9,0
2012-03-10,2012,03,10,36.1,12.0,1031.8,10.0,6.2,16.9,28.0,42.1,28.9,99.99,999.9,0
2012-03-11,2012,03,11,44.9,19.4,1031.5,10.0,6.4,18.1,19.0,59.0,28.0,0.0,999.9,0
2012-03-12,2012,03,12,55.6,32.4,1025.3,10.0,4.3,15.9,17.1,70.0,43.0,0.0,999.9,0
2012-03-13,2012,03,13,62.5,48.8,1017.5,9.6,4.2,12.0,15.0,73.0,45.0,0.04,999.9,1
2012-03-14,2012,03,14,64.9,35.4,1019.4,10.0,4.7,18.1,999.9,70.0,48.9,0.0,999.9,1
2012-03-15,2012,03,15,49.3,36.5,1024.6,9.1,5.5,12.0,999.9,64.0,41.0,0.0,999.9,0
2012-03-16,2012,03,16,45.3,42.5,1023.5,4.5,4.0,8.9,999.9,50.0,36.0,0.02,999.9,0
2012-03-17,2012,03,17,52.2,45.3,1024.8,6.8,3.5,9.9,999.9,61.0,42.1,0.01,999.9,0
2012-03-18,2012,03,18,51.1,45.0,1026.6,6.8,3.2,13.0,15.0,63.0,39.9,0.0,999.9,0
2012-03-19,2012,03,19,60.9,50.2,1022.3,8.3,3.8,14.0,999.9,73.0,43.0,0.0,999.9,0
2012-03-20,2012,03,20,62.9,54.2,1024.7,9.1,2.5,7.0,999.9,73.0,55.0,0.0,999.9,1
2012-03-21,2012,03,21,60.6,56.8,1026.4,6.6,2.7,8.0,999.9,66.9,57.0,0.0,999.9,1
2012-03-22,2012,03,22,62.9,56.8,1021.9,5.4,2.6,14.0,15.9,75.9,48.0,0.0,999.9,1
2012-03-23,2012,03,23,67.5,52.9,1018.3,9.2,4.6,15.0,15.9,75.0,54.0,0.0,999.9,0
2012-03-24,2012,03,24,59.1,33.0,1017.5,10.0,5.2,11.1,21.0,64.0,48.0,0.0,999.9,0
2012-03-25,2012,03,25,48.6,37.9,1011.6,9.9,7.3,12.0,17.1,54.0,43.0,0.07,999.9,0
2012-03-26,2012,03,26,49.7,30.0,1008.8,10.0,5.8,22.0,32.1,54.0,39.9,0.06,999.9,0
2012-03-27,2012,03,27,38.9,1.4,1022.3,10.0,5.6,8.9,28.0,51.1,30.0,0.0,999.9,0
2012-03-28,2012,03,28,52.2,25.7,1012.3,9.8,4.8,15.0,22.9,66.9,36.0,0.0,999.9,0
2012-03-29,2012,03,29,54.8,37.5,1006.0,10.0,8.1,19.0,27.0,64.0,46.0,0.02,999.9,0
2012-03-30,2012,03,30,46.2,23.0,1016.4,10.0,4.4,15.0,17.1,57.0,39.9,0.0,999.9,0
2012-03-31,2012,03,31,41.3,37.0,1012.9,7.2,6.6,14.0,22.0,46.9,36.0,0.36,999.9,0
2012-04-01,2012,04,01,45.7,37.3,1010.2,9.4,2.8,8.0,999.9,52.0,32.0,0.01,999.9,0
2012-04-02,2012,04,02,48.0,32.9,1006.4,8.7,5.5,11.1,22.0,55.9,37.9,0.55,999.9,0
2012-04-03,2012,04,03,50.5,16.2,1011.3,10.0,5.8,16.9,17.1,63.0,39.0,0.04,999.9,0
2012-04-04,2012,04,04,59.8,19.4,1004.3,10.0,4.1,13.0,22.0,66.9,45.0,0.0,999.9,0
2012-04-05,2012,04,05,49.6,25.8,1008.6,10.0,4.9,15.9,22.9,61.0,42.1,0.0,999.9,0
2012-04-06,2012,04,06,47.1,22.2,1013.9,10.0,5.8,9.9,17.1,59.0,37.9,0.0,999.9,0
2012-04-07,2012,04,07,49.9,17.6,1016.5,10.0,5.0,15.9,24.1,60.1,34.0,0.0,999.9,0
2012-04-08,2012,04,08,54.6,19.7,1011.2,10.0,6.7,14.0,28.9,66.0,39.9,0.0,999.9,0
2012-04-09,2012,04,09,56.5,22.0,1004.7,10.0,10.1,22.0,35.9,62.1,45.0,0.0,999.9,0
2012-04-10,2012,04,10,53.6,27.8,1005.6,10.0,4.6,14.0,15.9,59.0,45.0,0.0,999.9,0
2012-04-11,2012,04,11,47.6,30.1,1009.5,10.0,5.1,13.0,14.0,51.1,36.0,0.0,999.9,0
2012-04-12,2012,04,12,50.1,32.0,1014.6,10.0,4.3,9.9,18.1,61.0,43.0,0.0,999.9,0
2012-04-13,2012,04,13,53.2,28.7,1020.7,10.0,2.7,12.0,999.9,64.0,41.0,0.0,999.9,0
2012-04-14,2012,04,14,60.1,28.9,1020.4,10.0,3.3,13.0,999.9,71.1,46.9,0.0,999.9,0
2012-04-15,2012,04,15,67.7,47.8,1015.8,9.9,3.5,12.0,19.0,75.9,48.9,0.0,999.9,0
2012-04-16,2012,04,16,73.6,55.5,1015.1,9.3,4.1,9.9,15.9,84.9,53.1,0.0,999.9,0
2012-04-17,2012,04,17,73.3,44.1,1016.5,10.0,5.0,9.9,18.1,78.1,68.0,0.0,999.9,0
2012-04-18,2012,04,18,57.6,32.4,1022.2,10.0,5.2,21.0,999.9,70.0,48.9,0.0,999.9,0
2012-04-19,2012,04,19,56.0,44.5,1018.9,8.7,1.5,9.9,999.9,69.1,46.0,0.05,999.9,0
2012-04-20,2012,04,20,60.9,46.1,1016.2,10.0,3.6,11.1,17.1,69.1,46.9,0.04,999.9,0
2012-04-21,2012,04,21,61.6,54.8,1008.2,7.8,4.2,13.0,22.0,70.0,51.1,0.0,999.9,1
2012-04-22,2012,04,22,51.3,48.1,1006.4,7.4,6.5,19.0,29.9,63.0,46.0,0.22,999.9,1
2012-04-23,2012,04,23,50.0,47.3,990.8,5.5,7.8,22.9,28.0,55.9,48.0,2.67,999.9,0
2012-04-24,2012,04,24,48.5,32.5,998.4,10.0,6.8,22.0,999.9,59.0,41.0,0.22,999.9,0
2012-04-25,2012,04,25,52.9,32.2,1007.9,10.0,2.5,13.0,17.1,62.1,43.0,0.0,999.9,0
2012-04-26,2012,04,26,52.0,42.4,1011.0,8.3,4.6,13.0,15.0,59.0,43.0,0.0,999.9,0
2012-04-27,2012,04,27,50.4,37.6,1010.3,7.8,6.7,21.0,26.0,55.9,45.0,0.07,999.9,0
2012-04-28,2012,04,28,47.0,25.2,1021.3,10.0,5.8,19.0,999.9,60.1,37.9,0.04,999.9,0
2012-04-29,2012,04,29,53.4,23.2,1020.2,10.0,5.0,18.1,999.9,63.0,44.1,0.0,999.9,0
2012-04-30,2012,04,30,52.0,23.0,1025.2,10.0,4.0,8.9,999.9,60.1,42.1,0.0,999.9,0
2012-05-01,2012,05,01,56.9,50.4,1018.5,7.0,4.2,21.0,999.9,68.0,46.9,0.58,999.9,0
2012-05-02,2012,05,02,52.5,49.1,1020.0,8.0,4.9,14.0,999.9,61.0,46.9,0.04,999.9,0
2012-05-03,2012,05,03,53.4,51.3,1020.5,5.5,2.6,7.0,999.9,57.9,46.0,0.55,999.9,0
2012-05-04,2012,05,04,59.5,56.1,1014.8,4.9,1.6,12.0,999.9,73.0,48.9,0.1,999.9,0
2012-05-05,2012,05,05,59.1,55.5,1013.9,5.7,3.0,8.9,999.9,64.0,48.0,0.0,999.9,0
2012-05-06,2012,05,06,58.4,50.5,1018.3,8.6,3.1,13.0,999.9,64.0,46.9,0.0,999.9,0
2012-05-07,2012,05,07,56.8,43.8,1019.7,10.0,2.9,6.0,999.9,64.0,41.0,0.0,999.9,0
2012-05-08,2012,05,08,58.5,49.8,1015.4,9.7,4.4,15.9,20.0,64.9,50.0,0.01,999.9,0
2012-05-09,2012,05,09,62.9,61.0,1007.7,4.6,2.6,16.9,999.9,69.1,53.1,0.23,999.9,0
2012-05-10,2012,05,10,59.1,49.1,1001.9,7.3,5.0,22.0,24.1,64.9,53.6,0.33,999.9,0
2012-05-11,2012,05,11,58.2,34.4,1013.2,10.0,5.3,14.0,19.0,68.0,48.9,0.19,999.9,0
2012-05-12,2012,05,12,65.0,35.6,1021.1,10.0,3.3,15.9,999.9,77.0,43.0,0.0,999.9,0
2012-05-13,2012,05,13,70.9,48.1,1020.7,10.0,3.8,12.0,999.9,80.1,52.0,0.0,999.9,0
2012-05-14,2012,05,14,67.7,57.9,1019.9,9.7,3.8,12.0,19.0,73.0,55.0,0.0,999.9,0
2012-05-15,2012,05,15,62.8,59.9,1018.6,6.5,3.7,12.0,15.0,64.9,54.0,0.01,999.9,1
2012-05-16,2012,05,16,66.4,63.2,1012.1,3.5,2.0,8.9,999.9,78.1,57.9,0.62,999.9,1
2012-05-17,2012,05,17,65.0,45.3,1016.5,10.0,4.0,14.0,999.9,73.0,53.1,0.09,999.9,1
2012-05-18,2012,05,18,62.1,42.1,1021.8,10.0,3.7,11.1,999.9,71.1,44.1,0.0,999.9,0
2012-05-19,2012,05,19,64.2,43.2,1020.9,10.0,2.7,15.9,999.9,78.1,46.9,0.0,999.9,0
2012-05-20,2012,05,20,66.9,42.3,1022.6,10.0,4.1,13.0,15.0,77.0,46.9,0.0,999.9,0
2012-05-21,2012,05,21,60.4,55.8,1021.8,5.6,6.7,13.0,19.0,66.9,52.0,0.0,999.9,1
2012-05-22,2012,05,22,63.4,61.0,1011.7,5.8,4.9,13.0,15.9,70.0,57.9,1.62,999.9,1
2012-05-23,2012,05,23,67.9,63.4,1013.0,7.6,2.1,8.0,999.9,73.9,57.0,0.04,999.9,1
2012-05-24,2012,05,24,64.6,63.2,1019.6,4.6,3.4,11.1,999.9,66.0,52.0,0.03,999.9,1
2012-05-25,2012,05,25,64.7,62.8,1022.1,3.5,3.6,11.1,999.9,73.4,52.0,0.92,999.9,1
2012-05-26,2012,05,26,72.2,68.0,1019.7,7.2,2.9,12.0,999.9,84.0,57.0,0.0,999.9,1
2012-05-27,2012,05,27,73.3,65.4,1019.5,7.9,1.4,13.0,999.9,81.0,60.1,0.07,999.9,0
2012-05-28,2012,05,28,76.8,68.0,1014.5,9.2,1.9,7.0,999.9,89.1,61.0,0.01,999.9,1
2012-05-29,2012,05,29,81.1,69.5,1009.7,9.5,3.6,8.9,999.9,89.1,75.0,0.0,999.9,1
2012-05-30,2012,05,30,71.6,65.4,1007.5,9.3,3.0,11.1,999.9,78.1,61.0,0.22,999.9,1
2012-05-31,2012,05,31,72.5,55.6,1008.4,9.8,4.0,8.0,15.9,79.0,59.0,0.01,999.9,1
2012-06-01,2012,06,01,66.7,51.9,1014.4,10.0,5.9,15.9,18.1,73.0,55.9,0.0,999.9,1
2012-06-02,2012,06,02,67.0,58.6,1006.7,7.6,5.4,21.0,999.9,73.9,53.1,0.64,999.9,0
2012-06-03,2012,06,03,64.9,50.0,1006.5,9.8,4.4,18.1,22.0,75.9,55.9,0.39,999.9,1
2012-06-04,2012,06,04,59.9,52.2,1004.4,9.4,6.2,19.0,999.9,64.9,51.1,0.01,999.9,0
2012-06-05,2012,06,05,57.2,47.0,1010.9,9.9,4.5,18.1,19.0,64.0,51.1,0.18,999.9,0
2012-06-06,2012,06,06,62.2,51.4,1014.4,9.8,1.7,8.0,999.9,71.1,52.0,0.01,999.9,0
2012-06-07,2012,06,07,65.7,54.5,1014.2,9.9,2.8,8.0,999.9,77.0,57.0,0.02,999.9,0
2012-06-08,2012,06,08,69.9,53.0,1012.6,10.0,3.0,8.0,999.9,81.0,51.1,0.01,999.9,1
2012-06-09,2012,06,09,71.7,53.9,1012.1,10.0,2.1,11.1,999.9,78.1,59.0,0.0,999.9,0
2012-06-10,2012,06,10,73.4,61.8,1017.0,9.8,1.6,13.0,999.9,82.0,55.9,0.0,999.9,1
2012-06-11,2012,06,11,70.2,58.3,1022.9,9.5,4.3,9.9,15.0,77.0,53.1,0.0,999.9,0
2012-06-12,2012,06,12,66.6,62.3,1020.3,6.9,4.9,12.0,15.9,70.0,62.1,0.0,999.9,0
2012-06-13,2012,06,13,66.1,63.8,1013.6,5.9,5.4,12.0,22.0,68.0,57.0,1.32,999.9,0
2012-06-14,2012,06,14,68.1,59.6,1021.0,9.8,5.8,15.0,18.1,75.9,57.0,0.02,999.9,0
2012-06-15,2012,06,15,68.6,54.3,1024.8,9.8,3.4,16.9,999.9,78.1,53.1,0.0,999.9,0
2012-06-16,2012,06,16,68.3,52.3,1025.7,10.0,4.0,14.0,999.9,79.0,55.9,0.0,999.9,0
2012-06-17,2012,06,17,64.8,55.6,1022.7,9.8,4.4,13.0,999.9,71.1,55.9,0.0,999.9,0
2012-06-18,2012,06,18,62.7,52.7,1020.1,10.0,2.8,7.0,999.9,70.0,55.9,0.0,999.9,0
2012-06-19,2012,06,19,67.5,59.4,1020.4,9.9,2.6,8.9,999.9,75.9,52.0,0.0,999.9,1
2012-06-20,2012,06,20,79.6,67.5,1017.2,8.0,2.8,15.9,999.9,93.0,59.0,0.0,999.9,0
2012-06-21,2012,06,21,86.9,66.9,1012.1,8.8,4.0,12.0,20.0,93.0,72.0,0.0,999.9,0
2012-06-22,2012,06,22,82.4,68.3,1008.4,6.1,3.0,8.9,19.0,90.0,69.1,0.0,999.9,0
2012-06-23,2012,06,23,74.6,62.7,1011.0,6.6,2.9,11.1,999.9,82.0,68.0,0.35,999.9,0
2012-06-24,2012,06,24,74.4,55.7,1014.8,10.0,2.6,11.1,999.9,82.0,61.0,0.0,999.9,0
2012-06-25,2012,06,25,68.8,63.8,1008.6,7.9,2.9,12.0,17.1,75.9,63.0,0.08,999.9,0
2012-06-26,2012,06,26,64.5,49.6,1006.1,10.0,4.8,20.0,22.9,72.0,57.9,0.13,999.9,0
2012-06-27,2012,06,27,71.3,47.4,1007.6,10.0,5.8,16.9,21.0,81.0,62.1,0.0,999.9,0
2012-06-28,2012,06,28,77.7,53.3,1008.8,10.0,4.9,14.0,18.1,88.0,64.9,0.0,999.9,0
2012-06-29,2012,06,29,82.4,64.8,1004.9,8.3,3.5,11.1,999.9,93.0,64.9,0.21,999.9,1
2012-06-30,2012,06,30,85.7,60.5,1006.4,9.7,3.8,12.0,999.9,93.0,64.0,0.0,999.9,0
2012-07-01,2012,07,01,83.6,63.0,1008.9,9.7,4.1,9.9,18.1,93.0,66.0,0.0,999.9,0
2012-07-02,2012,07,02,80.3,54.1,1011.6,10.0,3.8,15.0,999.9,88.0,66.9,0.0,999.9,0
2012-07-03,2012,07,03,79.8,56.7,1012.8,10.0,2.9,12.0,999.9,88.0,63.0,0.0,999.9,0
2012-07-04,2012,07,04,81.8,65.6,1009.1,9.2,3.6,11.1,999.9,91.0,68.0,0.06,999.9,0
2012-07-05,2012,07,05,86.7,64.3,1007.4,9.4,3.8,15.0,999.9,93.9,70.0,99.99,999.9,0
2012-07-06,2012,07,06,81.9,62.3,1011.7,10.0,3.1,9.9,999.9,91.0,66.9,0.0,999.9,0
2012-07-07,2012,07,07,84.9,65.9,1010.1,9.5,3.1,14.0,17.1,95.0,70.0,0.0,999.9,0
2012-07-08,2012,07,08,80.6,65.5,1010.1,8.5,3.1,8.0,15.9,90.0,70.0,0.59,999.9,0
2012-07-09,2012,07,09,78.5,56.8,1012.7,10.0,3.5,9.9,999.9,84.0,68.0,0.09,999.9,0
2012-07-10,2012,07,10,76.5,56.3,1016.0,10.0,3.4,9.9,999.9,86.0,61.0,0.0,999.9,0
2012-07-11,2012,07,11,77.1,62.0,1019.9,10.0,1.9,7.0,999.9,84.0,64.9,0.0,999.9,0
2012-07-12,2012,07,12,77.4,60.2,1021.7,10.0,2.3,7.0,999.9,88.0,57.0,0.0,999.9,0
2012-07-13,2012,07,13,78.9,60.7,1021.8,9.9,3.0,7.0,999.9,87.1,63.0,0.0,999.9,0
2012-07-14,2012,07,14,78.5,62.7,1021.6,10.0,3.5,13.0,19.0,82.0,68.0,0.0,999.9,1
2012-07-15,2012,07,15,79.7,68.6,1018.3,9.1,2.8,13.0,999.9,87.1,70.0,0.0,999.9,0
2012-07-16,2012,07,16,79.0,67.9,1011.5,9.2,4.0,14.0,22.0,91.0,70.0,0.26,999.9,0
2012-07-17,2012,07,17,84.6,63.3,1009.3,9.4,3.5,9.9,18.1,93.9,70.0,0.0,999.9,0
2012-07-18,2012,07,18,85.3,69.1,1008.9,7.2,3.7,13.0,20.0,100.0,73.0,0.0,999.9,1
2012-07-19,2012,07,19,73.3,67.2,1013.2,7.5,3.4,15.0,18.1,75.9,68.0,1.76,999.9,0
2012-07-20,2012,07,20,67.2,62.8,1014.9,7.4,6.5,13.0,21.0,73.9,61.0,0.17,999.9,0
2012-07-21,2012,07,21,68.1,58.5,1018.3,9.8,4.1,12.0,999.9,77.0,57.9,0.43,999.9,0
2012-07-22,2012,07,22,72.5,59.4,1020.3,10.0,2.0,8.0,999.9,82.0,54.0,0.0,999.9,0
2012-07-23,2012,07,23,76.0,67.2,1016.9,8.9,3.0,13.0,999.9,86.0,64.0,0.0,999.9,0
2012-07-24,2012,07,24,80.3,67.3,1005.4,8.1,6.0,15.0,18.1,90.0,70.0,0.15,999.9,0
2012-07-25,2012,07,25,76.5,53.5,1009.7,10.0,4.2,19.0,999.9,84.9,66.9,0.0,999.9,0
2012-07-26,2012,07,26,78.0,62.4,1007.0,8.9,4.3,13.0,29.9,87.1,66.9,0.0,999.9,1
2012-07-27,2012,07,27,76.6,69.3,1007.0,9.1,4.4,14.0,999.9,87.1,70.0,0.6,999.9,0
2012-07-28,2012,07,28,75.5,69.6,1012.2,7.0,3.9,8.0,15.9,84.0,68.0,0.0,999.9,1
2012-07-29,2012,07,29,71.7,66.1,1015.1,9.4,3.2,12.0,15.9,79.0,66.9,0.18,999.9,0
2012-07-30,2012,07,30,73.1,65.1,1018.6,10.0,2.2,8.9,999.9,79.0,64.9,0.01,999.9,0
2012-07-31,2012,07,31,73.4,64.3,1016.7,10.0,3.8,14.0,999.9,80.1,60.1,0.0,999.9,0
2012-08-01,2012,08,01,72.2,68.4,1012.4,7.8,2.5,9.9,999.9,78.1,66.9,0.55,999.9,1
2012-08-02,2012,08,02,75.0,68.4,1011.3,6.2,2.7,11.1,999.9,87.1,66.2,0.11,999.9,1
2012-08-03,2012,08,03,77.9,70.8,1015.3,6.0,4.4,13.0,18.1,89.1,69.1,0.0,999.9,1
2012-08-04,2012,08,04,77.9,71.7,1021.1,5.7,4.1,11.1,18.1,90.0,71.1,0.0,999.9,1
2012-08-05,2012,08,05,78.1,72.4,1019.7,5.8,6.1,15.0,22.9,91.0,69.1,0.0,999.9,1
2012-08-06,2012,08,06,77.3,66.9,1015.7,8.9,5.5,15.0,22.0,86.0,71.1,0.49,999.9,0
2012-08-07,2012,08,07,75.2,58.1,1015.7,10.0,1.2,9.9,999.9,82.9,63.0,0.01,999.9,0
2012-08-08,2012,08,08,77.8,67.1,1014.7,8.8,1.1,8.0,999.9,86.0,64.0,0.0,999.9,0
2012-08-09,2012,08,09,78.2,69.6,1013.6,9.3,2.3,7.0,15.0,88.0,61.0,0.0,999.9,0
2012-08-10,2012,08,10,75.3,71.3,1011.6,7.6,5.4,20.0,23.9,79.0,66.2,0.0,999.9,1
2012-08-11,2012,08,11,77.7,71.5,1010.2,7.8,6.9,16.9,28.0,87.1,71.1,1.1,999.9,0
2012-08-12,2012,08,12,77.8,65.4,1012.5,8.7,5.7,22.0,29.9,84.9,69.8,0.62,999.9,0
2012-08-13,2012,08,13,76.3,61.2,1014.6,9.2,4.3,13.0,999.9,86.0,69.1,0.05,999.9,0
2012-08-14,2012,08,14,76.0,62.6,1014.0,9.6,2.3,9.9,999.9,81.0,69.1,0.0,999.9,0
2012-08-15,2012,08,15,73.6,68.9,1011.5,6.5,3.5,9.9,999.9,81.0,66.2,0.01,999.9,1
2012-08-16,2012,08,16,74.0,64.3,1011.9,6.7,3.1,13.0,15.0,84.9,66.0,0.15,999.9,1
2012-08-17,2012,08,17,77.9,60.7,1010.6,9.5,3.3,15.0,17.1,88.0,69.1,0.0,999.9,0
2012-08-18,2012,08,18,69.8,63.7,1011.3,8.4,4.1,9.9,999.9,78.1,62.6,0.01,999.9,0
2012-08-19,2012,08,19,68.7,55.0,1014.2,10.0,1.3,12.0,999.9,75.0,62.1,0.23,999.9,0
2012-08-20,2012,08,20,71.4,56.7,1012.5,10.0,0.8,9.9,999.9,78.1,64.0,0.0,999.9,0
2012-08-21,2012,08,21,72.8,57.2,1015.5,10.0,2.5,12.0,999.9,81.0,60.8,0.0,999.9,0
2012-08-22,2012,08,22,73.8,60.3,1019.6,9.8,1.7,8.0,999.9,80.1,61.0,0.0,999.9,0
2012-08-23,2012,08,23,74.7,61.7,1020.4,8.9,2.0,8.9,999.9,84.0,62.6,0.0,999.9,0
2012-08-24,2012,08,24,77.3,60.9,1020.7,9.3,2.0,7.0,999.9,87.1,66.0,0.0,999.9,0
2012-08-25,2012,08,25,75.7,65.2,1023.6,7.3,3.2,13.0,18.1,84.0,62.6,0.01,999.9,1
2012-08-26,2012,08,26,73.9,62.4,1025.2,10.0,4.6,8.9,15.0,82.9,60.8,0.0,999.9,0
2012-08-27,2012,08,27,71.9,66.3,1019.7,8.6,2.7,8.9,18.1,81.0,55.4,0.01,999.9,1
2012-08-28,2012,08,28,77.9,67.4,1011.5,9.0,6.0,15.9,22.9,86.0,69.8,0.75,999.9,0
2012-08-29,2012,08,29,73.3,53.2,1014.0,10.0,4.7,15.0,21.0,79.0,64.4,0.01,999.9,0
2012-08-30,2012,08,30,72.0,49.4,1017.6,10.0,2.5,15.9,20.0,82.0,57.2,0.0,999.9,0
2012-08-31,2012,08,31,78.7,56.1,1016.3,9.9,3.9,20.0,27.0,90.0,68.0,0.0,999.9,0
2012-09-01,2012,09,01,81.6,61.3,1014.6,9.9,4.7,16.9,22.9,90.0,62.6,0.0,999.9,0
2012-09-02,2012,09,02,75.4,65.9,1017.7,9.8,3.2,11.1,999.9,80.1,62.1,0.0,999.9,0
2012-09-03,2012,09,03,73.8,65.1,1019.8,10.0,4.5,14.0,999.9,79.0,55.4,0.0,999.9,0
2012-09-04,2012,09,04,72.6,68.4,1016.8,8.8,4.7,15.9,999.9,79.0,60.8,0.02,999.9,0
2012-09-05,2012,09,05,75.2,71.5,1009.7,6.7,5.4,16.9,22.9,80.1,71.1,0.13,999.9,0
2012-09-06,2012,09,06,73.2,65.3,1011.3,9.7,2.3,12.0,999.9,79.0,62.6,0.59,999.9,0
2012-09-07,2012,09,07,77.0,67.8,1012.2,8.7,2.7,8.0,999.9,86.0,64.4,0.0,999.9,0
2012-09-08,2012,09,08,75.3,69.6,1007.5,8.8,5.8,15.9,28.9,81.0,69.1,0.0,999.9,1
2012-09-09,2012,09,09,68.4,57.3,1009.6,9.5,3.0,16.9,21.0,75.9,60.8,0.04,999.9,0
2012-09-10,2012,09,10,65.4,49.1,1014.3,10.0,5.7,20.0,26.0,71.1,55.4,0.16,999.9,0
2012-09-11,2012,09,11,62.8,41.8,1022.9,10.0,3.1,18.1,26.0,72.0,54.0,0.0,999.9,0
2012-09-12,2012,09,12,68.5,49.7,1026.5,10.0,2.1,9.9,999.9,80.1,55.0,0.0,999.9,0
2012-09-13,2012,09,13,70.4,54.8,1027.4,10.0,3.2,9.9,999.9,80.1,62.1,0.0,999.9,0
2012-09-14,2012,09,14,70.5,57.7,1023.4,9.7,2.3,9.9,999.9,80.1,55.4,0.0,999.9,0
2012-09-15,2012,09,15,67.2,54.1,1019.1,10.0,5.1,14.0,20.0,72.0,60.1,0.01,999.9,0
2012-09-16,2012,09,16,65.1,46.5,1018.9,10.0,1.9,13.0,20.0,73.0,53.6,0.0,999.9,0
2012-09-17,2012,09,17,66.5,48.0,1018.3,10.0,2.2,7.0,999.9,77.0,48.2,0.0,999.9,0
2012-09-18,2012,09,18,70.6,64.8,1011.8,7.6,5.5,19.0,27.0,75.2,57.2,0.11,999.9,1
2012-09-19,2012,09,19,66.7,56.1,1015.2,7.6,6.3,21.0,27.0,73.0,57.0,0.68,999.9,0
2012-09-20,2012,09,20,61.0,48.3,1021.5,10.0,4.6,15.9,22.9,68.0,55.0,0.04,999.9,0
2012-09-21,2012,09,21,64.7,53.7,1018.9,10.0,4.7,16.9,22.0,73.0,51.8,0.0,999.9,0
2012-09-22,2012,09,22,66.3,60.6,1012.6,8.1,5.6,15.0,20.0,75.9,60.1,0.01,999.9,0
2012-09-23,2012,09,23,63.8,50.3,1015.4,9.0,6.4,12.0,15.9,72.0,55.4,0.22,999.9,0
2012-09-24,2012,09,24,59.0,40.4,1020.0,10.0,3.3,12.0,20.0,66.2,53.1,0.0,999.9,0
2012-09-25,2012,09,25,62.0,43.4,1021.0,10.0,4.9,15.0,15.9,72.0,46.0,0.0,999.9,0
2012-09-26,2012,09,26,67.7,56.8,1018.7,10.0,4.3,14.0,999.9,75.9,62.6,0.0,999.9,0
2012-09-27,2012,09,27,69.0,60.4,1019.4,8.7,1.8,16.9,20.0,73.9,55.4,0.01,999.9,0
2012-09-28,2012,09,28,65.2,61.8,1019.8,5.9,5.1,15.9,22.9,69.1,51.8,0.25,999.9,1
2012-09-29,2012,09,29,62.4,58.8,1013.0,7.6,3.9,14.0,21.0,68.0,57.0,0.37,999.9,1
2012-09-30,2012,09,30,60.5,52.5,1010.0,9.5,3.9,14.0,20.0,68.0,55.9,0.75,999.9,0
2012-10-01,2012,10,01,60.6,46.8,1011.2,10.0,4.7,23.9,33.0,70.0,53.1,0.46,999.9,0
2012-10-02,2012,10,02,63.7,54.2,1015.5,7.3,2.4,9.9,999.9,70.0,60.1,0.0,999.9,0
2012-10-03,2012,10,03,65.6,64.3,1016.6,1.5,3.5,9.9,999.9,73.0,62.6,0.45,999.9,1
2012-10-04,2012,10,04,68.6,66.2,1019.0,2.9,2.2,13.0,999.9,73.4,62.6,0.01,999.9,1
2012-10-05,2012,10,05,67.8,59.7,1016.7,8.4,3.3,9.9,999.9,78.1,60.8,0.0,999.9,0
2012-10-06,2012,10,06,66.1,57.9,1010.5,7.0,5.2,15.0,21.0,75.0,57.0,0.01,999.9,1
2012-10-07,2012,10,07,52.5,42.3,1017.4,9.3,2.0,16.9,23.9,66.2,48.0,0.04,999.9,0
2012-10-08,2012,10,08,49.9,42.9,1022.9,9.0,3.5,15.9,23.9,55.9,44.1,0.2,999.9,0
2012-10-09,2012,10,09,53.8,48.5,1022.3,8.5,5.6,18.1,26.0,57.2,50.0,0.46,999.9,0
2012-10-10,2012,10,10,58.2,53.8,1013.5,7.5,5.2,15.9,22.9,64.9,53.1,0.03,999.9,0
2012-10-11,2012,10,11,53.4,35.3,1018.9,10.0,5.5,20.0,28.9,62.6,46.9,0.02,999.9,0
2012-10-12,2012,10,12,51.2,35.9,1021.1,10.0,5.3,19.0,25.1,62.6,48.0,0.0,999.9,0
2012-10-13,2012,10,13,45.2,25.9,1030.8,10.0,3.1,20.0,27.0,52.0,37.9,0.0,999.9,0
2012-10-14,2012,10,14,58.7,45.9,1021.9,10.0,5.0,20.0,26.0,69.1,44.6,0.0,999.9,0
2012-10-15,2012,10,15,65.3,57.8,1009.5,9.4,4.5,20.0,26.0,71.1,61.0,0.0,999.9,0
2012-10-16,2012,10,16,55.8,42.5,1007.4,9.9,5.8,15.9,25.1,64.0,50.0,0.12,999.9,0
2012-10-17,2012,10,17,51.9,38.0,1014.3,10.0,1.3,11.1,999.9,60.1,44.1,0.0,999.9,0
2012-10-18,2012,10,18,56.8,46.7,1016.1,9.7,3.1,9.9,15.9,64.9,42.8,0.0,999.9,0
2012-10-19,2012,10,19,63.2,61.1,1010.9,6.1,5.2,18.1,23.9,66.0,55.0,0.25,999.9,1
2012-10-20,2012,10,20,62.7,58.6,1006.5,5.0,6.3,18.1,22.0,69.1,57.9,0.13,999.9,1
2012-10-21,2012,10,21,56.5,39.0,1012.9,10.0,5.0,18.1,23.9,64.0,48.9,0.0,999.9,0
2012-10-22,2012,10,22,57.8,40.1,1017.4,10.0,4.3,20.0,26.0,66.0,48.9,0.0,999.9,0
2012-10-23,2012,10,23,59.0,44.9,1018.7,9.7,2.2,14.0,999.9,64.0,53.1,0.0,999.9,0
2012-10-24,2012,10,24,57.1,53.5,1019.9,6.4,4.1,9.9,999.9,59.0,51.8,0.07,999.9,0
2012-10-25,2012,10,25,58.0,51.3,1023.9,10.0,3.0,8.9,999.9,61.0,43.0,0.0,999.9,0
2012-10-26,2012,10,26,60.8,53.4,1022.6,10.0,1.5,7.0,999.9,64.9,39.2,0.0,999.9,0
2012-10-27,2012,10,27,61.9,53.9,1017.0,9.6,4.3,12.0,16.9,64.9,42.8,0.0,999.9,0
2012-10-28,2012,10,28,57.7,50.0,1010.8,9.6,11.9,22.0,32.1,61.0,53.6,0.0,999.9,0
2012-10-29,2012,10,29,56.9,53.1,994.0,6.1,18.7,35.9,52.1,64.4,54.0,0.03,999.9,0
2012-10-30,2012,10,30,53.9,48.9,989.0,8.1,8.9,22.0,46.0,64.4,50.0,1.97,999.9,0
2012-10-31,2012,10,31,49.7,43.2,999.6,8.6,5.5,14.0,17.1,60.8,45.0,0.06,999.9,0
2012-11-01,2012,11,01,47.7,37.4,1001.8,10.0,6.0,19.0,23.9,57.2,43.0,0.04,999.9,0
2012-11-02,2012,11,02,48.2,36.0,1003.4,10.0,5.2,13.0,25.1,53.6,46.0,0.0,999.9,0
2012-11-03,2012,11,03,44.7,30.1,1009.4,10.0,7.6,15.0,25.1,51.8,42.1,0.01,999.9,0
2012-11-04,2012,11,04,43.2,29.6,1014.1,10.0,6.1,15.0,22.0,51.8,39.0,0.0,999.9,0
2012-11-05,2012,11,05,42.3,27.3,1016.3,10.0,5.5,19.0,23.9,48.2,37.9,0.0,999.9,0
2012-11-06,2012,11,06,36.6,17.4,1022.0,10.0,4.8,14.0,18.1,45.0,32.0,0.07,999.9,0
2012-11-07,2012,11,07,37.1,27.1,1014.6,7.3,10.1,42.0,55.9,48.2,30.9,0.0,999.9,1
2012-11-08,2012,11,08,41.2,35.1,1006.4,5.1,15.2,41.0,59.1,55.9,30.2,2.45,999.9,0
2012-11-09,2012,11,09,43.3,25.8,1016.1,9.8,9.6,30.9,43.9,53.1,36.0,0.17,3.9,0
2012-11-10,2012,11,10,48.0,35.0,1025.0,7.9,2.0,14.0,20.0,54.0,41.0,0.0,999.9,0
2012-11-11,2012,11,11,54.7,45.1,1030.8,7.0,1.6,9.9,999.9,63.0,37.4,0.0,999.9,0
2012-11-12,2012,11,12,56.7,50.2,1029.8,7.4,2.9,9.9,17.1,64.9,48.0,0.0,999.9,1
2012-11-13,2012,11,13,52.4,47.5,1024.6,8.8,6.1,25.1,29.9,62.6,44.1,0.06,999.9,0
2012-11-14,2012,11,14,42.8,29.9,1031.9,9.6,7.7,22.0,28.9,46.9,37.0,0.33,999.9,0
2012-11-15,2012,11,15,40.4,25.0,1029.7,10.0,5.3,21.0,27.0,48.2,36.0,0.0,999.9,0
2012-11-16,2012,11,16,41.9,29.5,1026.4,9.7,5.8,15.0,999.9,48.2,37.9,0.0,999.9,0
2012-11-17,2012,11,17,43.6,27.9,1034.8,10.0,4.7,16.9,22.0,51.1,39.0,0.0,999.9,0
2012-11-18,2012,11,18,43.2,31.0,1037.2,9.8,5.5,14.0,21.0,48.9,34.0,0.0,999.9,0
2012-11-19,2012,11,19,43.0,34.8,1032.3,10.0,6.3,16.9,22.9,53.6,37.9,0.0,999.9,0
2012-11-20,2012,11,20,44.4,32.8,1022.1,10.0,3.6,14.0,19.0,51.8,39.9,0.0,999.9,0
2012-11-21,2012,11,21,46.5,32.7,1021.7,10.0,4.2,16.9,22.0,53.6,41.0,0.0,999.9,0
2012-11-22,2012,11,22,47.3,36.2,1023.4,10.0,3.4,15.9,999.9,54.0,42.1,0.0,999.9,0
2012-11-23,2012,11,23,48.3,40.8,1016.5,8.9,3.4,8.9,999.9,54.0,39.2,0.0,999.9,1
2012-11-24,2012,11,24,44.1,27.7,1006.8,9.5,7.6,20.0,30.9,53.1,37.9,0.01,999.9,1
2012-11-25,2012,11,25,36.6,17.2,1011.6,10.0,7.1,22.9,30.9,41.0,33.1,0.0,999.9,0
2012-11-26,2012,11,26,40.3,19.7,1017.3,10.0,4.9,16.9,23.9,46.9,36.0,0.0,999.9,0
2012-11-27,2012,11,27,38.7,27.2,1024.2,7.0,4.4,9.9,999.9,44.6,33.8,0.0,999.9,0
2012-11-28,2012,11,28,37.5,28.8,1022.7,9.3,7.1,21.0,28.0,44.6,34.0,0.59,999.9,0
2012-11-29,2012,11,29,37.5,21.9,1025.9,9.7,5.8,15.9,22.9,43.0,32.0,0.01,999.9,0
2012-11-30,2012,11,30,41.3,25.8,1027.7,9.3,4.7,18.1,22.9,46.0,35.6,0.0,999.9,0
2012-12-01,2012,12,01,38.5,32.1,1031.4,9.3,9.2,14.0,22.0,45.0,34.0,0.0,999.9,0
2012-12-02,2012,12,02,44.3,41.0,1026.9,3.9,3.0,15.0,999.9,53.6,41.0,0.08,999.9,1
2012-12-03,2012,12,03,53.5,45.3,1021.4,7.0,3.9,15.0,999.9,60.1,39.2,0.04,999.9,0
2012-12-04,2012,12,04,51.9,47.1,1022.8,5.6,2.9,9.9,999.9,62.1,37.4,0.04,999.9,1
2012-12-05,2012,12,05,52.6,41.5,1016.3,9.1,6.3,19.0,28.0,57.9,39.9,0.01,999.9,0
2012-12-06,2012,12,06,35.0,16.8,1025.5,10.0,3.6,19.0,27.0,45.0,28.0,0.01,999.9,0
2012-12-07,2012,12,07,38.8,30.9,1022.7,7.9,1.9,12.0,999.9,48.2,26.6,0.0,999.9,0
2012-12-08,2012,12,08,47.3,46.0,1013.7,3.7,3.5,15.9,22.0,55.4,42.8,0.32,999.9,1
2012-12-09,2012,12,09,46.2,41.7,1020.7,7.2,5.4,15.9,21.0,50.0,42.1,0.25,999.9,0
2012-12-10,2012,12,10,50.3,49.5,1011.1,2.8,5.7,19.0,26.0,57.9,43.0,0.35,999.9,1
2012-12-11,2012,12,11,50.1,43.2,1013.2,7.3,6.0,19.0,26.0,59.0,42.8,0.23,999.9,1
2012-12-12,2012,12,12,40.1,23.6,1026.0,10.0,3.3,12.0,19.0,43.0,33.8,0.01,999.9,0
2012-12-13,2012,12,13,40.3,24.6,1029.8,10.0,1.7,11.1,999.9,46.0,32.0,0.0,999.9,0
2012-12-14,2012,12,14,41.4,23.2,1024.4,10.0,4.1,18.1,25.1,48.0,28.0,0.0,999.9,0
2012-12-15,2012,12,15,42.6,27.1,1024.5,9.9,2.8,13.0,19.0,46.9,33.8,0.0,999.9,0
2012-12-16,2012,12,16,44.5,37.8,1019.8,7.5,6.5,19.0,27.0,46.9,30.2,0.0,999.9,0
2012-12-17,2012,12,17,42.0,40.4,1011.3,5.6,9.5,20.0,28.0,50.0,39.0,0.44,999.9,0
2012-12-18,2012,12,18,47.3,44.5,1000.3,5.3,7.0,12.0,22.0,54.0,42.1,0.34,999.9,0
2012-12-19,2012,12,19,44.0,30.5,1007.4,10.0,9.3,25.1,34.0,48.0,41.0,0.07,999.9,0
2012-12-20,2012,12,20,39.8,29.0,1020.3,10.0,8.5,22.9,29.9,44.6,35.1,0.02,999.9,0
2012-12-21,2012,12,21,47.3,42.9,996.6,7.1,9.4,32.1,42.9,55.9,39.0,0.56,999.9,0
2012-12-22,2012,12,22,37.4,25.0,998.4,10.0,10.6,25.1,32.1,45.0,33.1,0.7,999.9,0
2012-12-23,2012,12,23,37.8,20.5,1011.5,10.0,7.6,21.0,32.1,42.1,33.1,0.01,999.9,0
2012-12-24,2012,12,24,37.0,19.8,1016.1,10.0,3.0,12.0,22.0,42.1,28.9,0.0,999.9,0
2012-12-25,2012,12,25,37.5,32.5,1016.2,6.8,4.8,15.0,25.1,46.4,30.2,0.01,999.9,0
2012-12-26,2012,12,26,32.2,25.3,1022.1,8.8,9.5,19.0,29.9,39.2,28.0,0.13,999.9,1
2012-12-27,2012,12,27,39.1,37.1,996.6,6.0,12.4,34.0,53.0,52.0,33.1,0.84,999.9,1
2012-12-28,2012,12,28,33.0,22.4,1015.3,9.4,10.0,22.0,34.0,41.0,30.0,0.37,999.9,0
2012-12-29,2012,12,29,32.5,26.2,1013.1,7.8,5.3,21.0,28.0,44.6,24.8,0.0,999.9,1
2012-12-30,2012,12,30,32.4,21.1,1011.1,8.8,11.9,39.0,49.9,44.6,28.9,1.9,999.9,0
2012-12-31,2012,12,31,31.5,17.2,1019.6,10.0,6.8,22.9,35.9,37.4,26.1,0.0,999.9,0
2014-01-01,2014,01,01,28.2,10.4,1025.6,10.0,11.3,21.0,28.9,32.0,25.0,0.0,999.9,0
2014-01-02,2014,01,02,31.1,22.4,1020.8,5.8,10.9,25.1,34.0,35.6,26.1,0.0,999.9,0
2014-01-03,2014,01,03,24.2,20.2,1007.0,0.8,26.9,35.9,47.0,30.9,15.8,0.15,999.9,1
2014-01-04,2014,01,04,18.8,10.9,1030.5,9.3,12.1,21.0,26.0,35.1,8.1,0.01,999.9,0
2014-01-05,2014,01,05,37.8,33.5,1026.0,9.0,8.6,18.1,25.1,42.1,27.0,0.0,999.9,0
2014-01-06,2014,01,06,46.3,45.1,1007.0,2.5,14.8,20.0,26.0,52.0,41.0,0.04,999.9,1
2014-01-07,2014,01,07,23.9,10.4,1009.6,9.4,17.6,28.9,41.0,52.0,15.1,0.12,999.9,0
2014-01-08,2014,01,08,18.2,5.0,1028.1,10.0,12.0,17.1,26.0,34.0,12.0,0.0,999.9,0
2014-01-09,2014,01,09,23.5,8.3,1034.2,10.0,7.9,12.0,20.0,28.9,12.0,0.0,999.9,0
2014-01-10,2014,01,10,28.8,22.6,1034.1,9.7,5.8,11.1,999.9,39.2,12.9,0.0,999.9,0
2014-01-11,2014,01,11,44.8,43.0,1019.0,4.4,13.4,22.9,32.1,51.8,37.9,0.0,999.9,1
2014-01-12,2014,01,12,45.1,38.4,1003.8,5.5,14.7,28.9,36.9,53.1,39.0,1.6,999.9,1
2014-01-13,2014,01,13,38.6,31.2,1018.7,9.2,7.7,12.0,999.9,46.9,28.9,0.01,999.9,0
2014-01-14,2014,01,14,45.5,43.2,1012.5,5.2,11.8,15.0,22.0,48.0,28.9,0.0,999.9,1
2014-01-15,2014,01,15,41.1,38.4,1013.3,6.5,6.0,15.9,24.1,48.9,32.0,0.62,999.9,0
2014-01-16,2014,01,16,40.8,39.3,1010.6,4.6,5.9,11.1,999.9,46.0,32.0,0.0,999.9,0
2014-01-17,2014,01,17,38.6,35.8,1014.8,6.7,3.7,8.9,999.9,44.1,32.0,0.0,999.9,1
2014-01-18,2014,01,18,38.8,35.8,1009.2,8.7,7.9,19.0,28.0,44.1,28.0,0.0,999.9,0
2014-01-19,2014,01,19,36.1,29.0,1005.7,10.0,16.5,28.0,38.1,43.0,32.0,0.04,999.9,0
2014-01-20,2014,01,20,41.0,27.9,1003.2,10.0,16.8,24.1,35.0,46.9,34.0,0.0,999.9,0
2014-01-21,2014,01,21,29.2,17.5,1012.1,8.5,12.6,22.0,28.9,46.9,23.0,0.0,999.9,1
2014-01-22,2014,01,22,25.0,20.3,1001.1,1.9,25.7,35.9,46.0,36.0,18.0,0.01,999.9,1
2014-01-23,2014,01,23,16.5,5.1,1014.4,9.7,11.1,19.0,24.1,28.9,9.0,0.0,999.9,0
2014-01-24,2014,01,24,14.8,-0.5,1022.4,10.0,11.8,15.9,22.9,23.0,9.0,0.0,999.9,0
2014-01-25,2014,01,25,32.0,23.0,1011.2,8.5,17.0,27.0,35.9,41.0,10.9,0.0,999.9,0
2014-01-26,2014,01,26,26.8,15.4,1004.7,9.4,17.8,22.9,29.9,41.0,21.0,0.03,999.9,0
2014-01-27,2014,01,27,38.8,32.3,1008.0,8.8,12.3,17.1,22.9,45.0,21.0,0.0,999.9,0
2014-01-28,2014,01,28,22.2,-1.3,1020.6,10.0,10.7,17.1,25.1,45.0,17.1,0.0,999.9,0
2014-01-29,2014,01,29,20.3,10.4,1021.2,6.3,8.1,14.0,999.9,27.0,17.1,0.02,999.9,0
2014-01-30,2014,01,30,22.0,5.8,1027.2,10.0,8.1,15.9,24.1,27.0,12.9,0.01,999.9,0
2014-01-31,2014,01,31,33.7,26.7,1020.9,9.9,9.1,15.0,19.0,37.4,28.9,0.0,999.9,0
2014-02-01,2014,02,01,35.6,25.1,1024.8,10.0,4.8,8.0,999.9,41.0,30.9,0.0,999.9,0
2014-02-02,2014,02,02,39.3,37.2,1016.5,5.5,8.7,15.0,20.0,45.0,30.9,0.1,999.9,1
2014-02-03,2014,02,03,36.5,33.6,1018.2,5.3,9.1,15.0,18.1,45.0,32.0,0.06,999.9,1
2014-02-04,2014,02,04,32.5,26.2,1027.2,10.0,7.8,14.0,999.9,41.0,27.0,0.61,999.9,0
2014-02-05,2014,02,05,32.3,29.1,1018.9,6.3,9.2,22.9,31.1,37.4,24.1,0.1,999.9,0
2014-02-06,2014,02,06,30.4,24.5,1018.1,8.6,11.5,17.1,24.1,37.0,24.1,0.56,999.9,0
2014-02-07,2014,02,07,28.1,15.7,1023.2,10.0,9.0,14.0,19.0,32.0,24.1,0.0,999.9,0
2014-02-08,2014,02,08,28.2,14.2,1023.9,10.0,8.6,12.0,19.0,32.0,21.9,0.0,999.9,0
2014-02-09,2014,02,09,30.3,18.2,1018.7,10.0,4.9,9.9,999.9,37.0,21.9,0.0,999.9,0
2014-02-10,2014,02,10,28.9,18.8,1015.7,9.0,9.0,19.0,26.0,37.0,23.0,0.0,999.9,0
2014-02-11,2014,02,11,24.0,6.4,1023.8,10.0,9.2,15.0,18.1,32.0,19.9,0.0,999.9,0
2014-02-12,2014,02,12,23.7,10.0,1030.8,10.0,10.5,17.1,25.1,30.0,17.6,0.0,999.9,0
2014-02-13,2014,02,13,37.0,32.0,1022.3,6.3,13.4,25.1,36.9,48.9,18.0,0.0,999.9,1
2014-02-14,2014,02,14,40.2,35.7,989.5,5.7,20.1,35.9,47.0,50.0,30.0,1.41,999.9,1
2014-02-15,2014,02,15,35.2,28.8,1006.5,7.3,11.8,27.0,35.9,39.0,28.0,0.02,999.9,0
2014-02-16,2014,02,16,29.8,22.4,1004.2,7.5,20.2,34.0,45.1,39.0,25.0,0.63,999.9,1
2014-02-17,2014,02,17,24.3,8.9,1019.8,9.3,13.1,19.0,28.0,32.0,19.0,0.0,999.9,0
2014-02-18,2014,02,18,28.2,18.5,1023.6,9.0,12.7,26.0,32.1,42.1,9.0,0.0,999.9,0
2014-02-19,2014,02,19,35.0,29.4,1015.6,8.9,12.3,21.0,31.1,44.6,25.0,0.11,999.9,0
2014-02-20,2014,02,20,39.6,32.2,1018.5,7.1,10.4,15.9,26.0,50.0,23.0,0.19,999.9,0
2014-02-21,2014,02,21,42.2,40.0,1017.2,3.9,10.4,19.0,26.0,50.0,35.1,0.26,999.9,1
2014-02-22,2014,02,22,41.4,36.5,1015.1,7.1,11.0,22.0,28.9,51.8,33.8,0.44,999.9,1
2014-02-23,2014,02,23,42.0,36.9,1015.4,9.5,9.1,13.0,999.9,46.9,34.0,0.0,999.9,0
2014-02-24,2014,02,24,37.5,25.8,1008.3,9.7,10.3,18.1,28.9,46.9,30.9,0.09,999.9,0
2014-02-25,2014,02,25,27.0,8.7,1014.2,10.0,15.5,21.0,31.1,42.1,21.9,0.04,999.9,0
2014-02-26,2014,02,26,25.8,12.6,1012.3,8.9,8.0,17.1,21.0,30.9,21.0,0.0,999.9,0
2014-02-27,2014,02,27,24.7,11.2,1008.1,8.6,8.4,15.9,26.0,32.0,14.0,0.0,999.9,0
2014-02-28,2014,02,28,20.3,0.3,1020.5,9.6,12.5,24.1,33.0,28.0,14.0,0.0,999.9,0
2014-02-28,2014,02,28,18.1,-2.6,9999.9,9.8,11.4,22.0,28.9,24.8,8.6,99.99,999.9,0
2014-03-01,2014,03,01,19.8,8.7,9999.9,10.0,5.0,15.9,20.0,35.6,5.0,0.0,999.9,0
2014-03-01,2014,03,01,24.1,12.5,1029.1,10.0,5.2,11.1,999.9,35.1,12.0,0.0,999.9,0
2014-03-02,2014,03,02,33.5,28.1,9999.9,9.8,7.6,11.1,999.9,37.4,32.0,0.0,999.9,0
2014-03-02,2014,03,02,35.1,28.8,1018.5,9.1,6.8,15.0,21.0,39.9,30.9,0.0,999.9,0
2014-03-03,2014,03,03,20.5,3.9,9999.9,9.1,7.6,13.0,21.0,21.2,19.4,99.99,999.9,0
2014-03-03,2014,03,03,27.3,20.3,1017.2,5.8,11.2,25.1,32.1,33.8,21.0,0.0,999.9,1
2014-03-04,2014,03,04,24.8,12.2,1025.5,10.0,8.3,12.0,999.9,30.0,21.0,0.0,999.9,0
2014-03-04,2014,03,04,18.9,2.4,9999.9,10.0,6.2,11.1,999.9,30.2,8.6,0.0,999.9,0
2014-03-05,2014,03,05,29.5,18.3,1024.3,9.5,7.1,21.0,26.0,36.0,25.0,0.0,999.9,0
2014-03-05,2014,03,05,27.1,15.8,9999.9,9.3,5.2,12.0,20.0,32.0,23.0,99.99,999.9,0
2014-03-06,2014,03,06,26.3,14.0,1032.2,9.1,16.4,22.0,28.0,30.2,21.0,0.0,999.9,0
2014-03-06,2014,03,06,24.2,13.7,9999.9,8.7,10.0,15.0,21.0,26.6,21.2,99.99,999.9,0
2014-03-07,2014,03,07,29.4,20.9,1027.4,10.0,8.4,14.0,19.0,37.9,19.0,0.0,999.9,0
2014-03-08,2014,03,08,40.3,33.2,1009.0,8.9,11.0,15.9,21.0,48.0,35.6,0.0,999.9,1
2014-03-09,2014,03,09,35.2,21.7,1011.2,10.0,8.9,15.0,22.0,37.9,30.0,0.0,999.9,0
2014-03-10,2014,03,10,33.5,24.0,1010.7,8.9,6.1,15.0,999.9,39.2,28.0,0.0,999.9,0
2014-03-11,2014,03,11,43.5,33.4,9999.9,8.0,5.0,9.9,15.0,55.4,33.8,0.0,999.9,0
2014-03-11,2014,03,11,41.3,34.1,1002.9,8.3,9.0,12.0,18.1,48.9,32.0,0.0,999.9,0
2014-03-12,2014,03,12,44.0,37.2,9999.9,8.8,7.9,25.1,33.0,55.4,33.8,99.99,999.9,0
2014-03-12,2014,03,12,43.4,37.1,1002.2,7.2,9.6,18.1,29.9,51.8,35.1,0.0,999.9,1
2014-03-13,2014,03,13,31.7,27.1,9999.9,5.0,13.5,21.0,29.9,53.6,19.4,99.99,999.9,0
2014-03-13,2014,03,13,32.2,27.9,990.4,3.9,14.7,22.9,28.9,48.2,21.0,0.6,999.9,1
2014-03-14,2014,03,14,22.9,7.3,9999.9,10.0,11.7,19.0,28.0,35.6,14.0,0.0,999.9,0
2014-03-14,2014,03,14,25.4,9.0,1018.4,10.0,15.1,20.0,28.9,35.1,19.0,0.03,999.9,0
2014-03-15,2014,03,15,43.4,33.9,9999.9,9.4,14.6,21.0,28.9,51.8,33.8,99.99,999.9,0
2014-03-15,2014,03,15,41.3,34.3,1011.5,8.8,12.0,15.9,18.1,45.0,36.0,0.0,999.9,0
2014-03-16,2014,03,16,35.3,16.8,1016.5,10.0,10.7,17.1,24.1,41.0,33.1,0.0,999.9,0
2014-03-16,2014,03,16,34.9,14.4,9999.9,10.0,10.1,19.0,26.0,42.8,28.4,0.0,999.9,0
2014-03-17,2014,03,17,28.5,12.1,1018.8,10.0,14.2,19.0,25.1,39.0,24.1,0.0,999.9,0
2014-03-17,2014,03,17,26.6,8.2,9999.9,10.0,6.8,11.1,14.0,30.2,21.2,0.0,999.9,0
2014-03-18,2014,03,18,21.9,13.3,9999.9,10.0,4.8,13.0,15.0,35.6,12.2,0.0,999.9,0
2014-03-18,2014,03,18,27.7,14.7,1023.7,10.0,8.7,15.0,20.0,37.0,18.0,0.0,999.9,0
2014-03-19,2014,03,19,31.0,22.3,9999.9,10.0,6.2,13.0,19.0,42.8,17.6,0.0,999.9,0
2014-03-19,2014,03,19,35.0,23.6,1025.6,10.0,9.7,15.0,20.0,42.1,28.9,0.0,999.9,0
2014-03-20,2014,03,20,41.7,37.6,1009.6,6.3,14.9,22.9,28.0,46.0,37.0,0.4,999.9,1
2014-03-20,2014,03,20,43.8,38.5,9999.9,7.4,11.3,20.0,28.0,51.8,35.6,99.99,999.9,1
2014-03-21,2014,03,21,39.3,28.2,1010.6,9.6,14.0,22.0,28.0,44.1,35.1,0.0,999.9,0
2014-03-22,2014,03,22,38.1,27.9,1013.6,9.7,11.2,22.0,31.1,50.0,23.0,0.0,999.9,0
2014-03-23,2014,03,23,38.9,25.3,1013.9,10.0,9.5,15.0,21.0,43.0,33.1,0.0,999.9,0
2014-03-24,2014,03,24,27.4,8.0,1017.9,10.0,13.4,24.1,31.1,36.0,21.9,0.0,999.9,0
2014-03-25,2014,03,25,26.5,10.5,1019.8,10.0,4.1,8.9,999.9,35.1,15.1,0.0,999.9,0
2014-03-26,2014,03,26,29.3,16.2,9999.9,4.0,23.3,26.0,40.0,32.0,26.6,99.99,999.9,0
2014-03-26,2014,03,26,30.8,22.2,1001.4,4.7,28.0,44.1,71.1,34.0,26.6,0.0,999.9,1
2014-03-27,2014,03,27,26.6,0.5,9999.9,10.0,17.0,24.1,36.9,28.4,24.8,0.0,999.9,0
2014-03-27,2014,03,27,28.4,8.6,1022.3,10.0,18.2,24.1,35.0,34.0,23.0,0.0,999.9,0
2014-03-28,2014,03,28,44.3,36.3,9999.9,9.3,16.1,32.1,42.9,57.2,32.0,99.99,999.9,0
2014-03-28,2014,03,28,41.2,35.6,1023.4,8.9,13.7,20.0,27.0,48.0,34.0,0.0,999.9,0
2014-03-29,2014,03,29,44.9,42.2,1021.6,4.5,10.2,17.1,22.9,51.1,41.0,0.02,999.9,0
2014-03-29,2014,03,29,44.4,42.1,9999.9,5.1,9.4,17.1,27.0,51.8,33.8,99.99,999.9,1
2014-03-30,2014,03,30,46.9,46.8,9999.9,2.6,12.5,22.0,32.1,55.4,37.4,99.99,999.9,1
2014-03-30,2014,03,30,46.3,44.7,1001.5,1.7,13.8,20.0,28.0,55.4,39.9,1.22,999.9,1
2014-03-31,2014,03,31,37.8,35.3,1005.3,6.1,21.3,26.0,38.1,39.9,36.0,0.29,999.9,0
2014-04-01,2014,04,01,38.1,28.3,9999.9,9.8,12.3,21.0,34.0,44.6,35.6,99.99,999.9,0
2014-04-01,2014,04,01,37.1,29.8,1015.3,9.3,17.6,26.0,35.9,42.8,33.8,0.03,999.9,0
2014-04-02,2014,04,02,39.3,28.6,1019.1,10.0,5.6,11.1,999.9,48.0,32.0,0.0,999.9,0
2014-04-02,2014,04,02,43.3,23.9,9999.9,10.0,8.2,13.0,19.0,50.0,26.6,0.0,999.9,0
2014-04-03,2014,04,03,39.3,28.7,9999.9,8.6,5.6,17.1,20.0,50.0,26.6,0.0,999.9,1
2014-04-03,2014,04,03,40.9,30.9,1018.5,10.0,8.4,15.9,20.0,48.9,33.1,0.0,999.9,0
2014-04-04,2014,04,04,39.4,29.9,9999.9,10.0,5.6,14.0,19.0,50.0,32.0,0.0,999.9,0
2014-04-04,2014,04,04,40.0,30.2,1019.1,10.0,7.7,15.0,20.0,48.0,33.1,0.0,999.9,0
2014-04-05,2014,04,05,45.0,39.9,9999.9,7.1,9.2,15.9,26.0,53.6,39.2,99.99,999.9,0
2014-04-05,2014,04,05,44.8,39.6,1008.7,7.7,13.8,19.0,25.1,50.0,41.0,0.03,999.9,1
2014-04-06,2014,04,06,41.2,24.6,9999.9,10.0,9.6,17.1,21.0,48.2,33.8,0.0,999.9,0
2014-04-06,2014,04,06,41.1,25.3,1017.6,10.0,12.5,17.1,22.9,46.9,35.1,0.0,999.9,0
2014-04-07,2014,04,07,42.0,33.9,1022.6,10.0,7.4,15.0,22.0,48.9,35.1,0.0,999.9,0
2014-04-07,2014,04,07,43.4,30.0,9999.9,10.0,5.4,12.0,18.1,55.4,32.0,0.0,999.9,0
2014-04-08,2014,04,08,49.4,48.4,9999.9,3.1,15.1,22.9,33.0,59.0,46.4,99.99,999.9,1
2014-04-08,2014,04,08,47.7,45.8,1003.5,1.9,14.7,22.9,29.9,52.0,44.1,0.7,999.9,1
2014-04-09,2014,04,09,46.8,36.1,1002.5,9.6,10.0,17.1,22.9,57.0,42.1,0.45,999.9,0
2014-04-10,2014,04,10,41.6,28.9,1019.5,9.9,8.8,15.9,999.9,57.0,28.0,0.0,999.9,0
2014-04-11,2014,04,11,48.0,40.6,1017.8,8.8,13.4,18.1,21.0,53.1,44.1,0.0,999.9,0
2014-04-12,2014,04,12,50.1,40.8,1019.1,8.5,8.6,13.0,999.9,64.0,43.0,0.0,999.9,0
2014-04-13,2014,04,13,47.0,40.4,1023.8,9.3,8.8,14.0,20.0,64.0,39.0,0.0,999.9,1
2014-04-14,2014,04,14,52.2,47.8,1019.3,7.0,14.4,18.1,22.9,57.9,39.0,0.0,999.9,0
2014-04-15,2014,04,15,52.6,48.0,1013.3,6.6,16.0,22.0,32.1,57.9,48.9,0.0,999.9,0
2014-04-16,2014,04,16,42.9,32.6,1021.9,7.9,19.2,25.1,46.0,57.9,35.1,0.71,999.9,0
2014-04-17,2014,04,17,37.5,23.8,1037.9,10.0,15.2,21.0,28.9,53.1,34.0,0.67,999.9,0
2014-04-18,2014,04,18,40.4,32.0,1032.7,9.9,9.1,15.0,21.0,46.0,35.1,0.0,999.9,0
2014-04-19,2014,04,19,45.7,35.3,1023.5,10.0,5.9,14.0,18.1,59.0,34.0,0.0,999.9,0
2014-04-20,2014,04,20,44.2,31.2,1030.4,10.0,9.2,18.1,21.0,59.0,34.0,0.0,999.9,0
2014-04-21,2014,04,21,43.1,36.9,1022.3,10.0,6.2,11.1,999.9,53.1,34.0,0.0,999.9,0
2014-04-22,2014,04,22,49.5,43.2,1007.7,10.0,5.6,8.9,999.9,57.9,34.0,0.0,999.9,0
2014-04-23,2014,04,23,49.5,45.4,998.0,9.2,8.6,17.1,29.9,57.9,43.0,0.01,999.9,0
2014-04-24,2014,04,24,49.6,28.7,1002.9,10.0,19.1,26.0,34.0,57.0,44.1,0.12,999.9,0
2014-04-25,2014,04,25,49.4,27.5,9999.9,10.0,8.8,11.1,20.0,51.8,46.4,0.0,999.9,0
2014-04-25,2014,04,25,49.0,32.3,1013.4,10.0,10.5,15.9,22.9,57.0,43.0,0.0,999.9,0
2014-04-26,2014,04,26,45.1,39.2,9999.9,8.3,8.7,11.1,17.1,46.4,44.6,0.0,999.9,0
2014-04-26,2014,04,26,44.9,36.6,1009.1,9.4,12.2,18.1,26.0,55.0,42.1,0.0,999.9,0
2014-04-27,2014,04,27,42.4,36.2,1012.5,9.9,4.8,14.0,17.1,50.0,36.0,0.37,999.9,0
2014-04-28,2014,04,28,44.9,36.7,9999.9,10.0,9.3,15.9,27.0,53.6,37.4,0.0,999.9,0
2014-04-28,2014,04,28,46.5,37.2,1016.1,10.0,13.7,20.0,24.1,52.0,41.0,0.01,999.9,0
2014-04-29,2014,04,29,44.4,36.7,9999.9,9.8,13.6,19.0,28.0,55.4,41.0,0.0,999.9,0
2014-04-29,2014,04,29,44.2,36.0,1028.1,10.0,16.5,22.0,28.0,46.9,42.1,0.0,999.9,0
2014-04-30,2014,04,30,42.6,36.7,9999.9,9.1,10.2,15.0,19.0,48.2,41.0,99.99,999.9,0
2014-04-30,2014,04,30,43.5,36.5,1030.7,9.8,12.3,15.9,24.1,46.0,41.0,0.01,999.9,0
2014-05-01,2014,05,01,50.3,48.3,1016.6,3.2,13.3,18.1,24.1,55.4,44.1,0.35,999.9,1
2014-05-01,2014,05,01,51.5,51.1,9999.9,3.0,13.7,21.0,29.9,60.8,42.8,99.99,999.9,1
2014-05-02,2014,05,02,54.0,45.3,9999.9,6.1,7.5,21.0,28.0,66.2,46.4,99.99,999.9,1
2014-05-02,2014,05,02,51.9,44.7,1006.4,6.4,10.2,15.0,999.9,61.0,46.4,0.21,999.9,1
2014-05-03,2014,05,03,50.9,41.1,1010.3,9.1,6.4,13.0,999.9,61.0,41.0,0.01,999.9,0
2014-05-03,2014,05,03,54.0,39.5,9999.9,9.5,6.8,15.9,21.0,66.2,35.6,0.0,999.9,0
2014-05-04,2014,05,04,54.4,42.1,9999.9,9.8,12.4,26.0,35.9,62.6,48.2,99.99,999.9,0
2014-05-04,2014,05,04,51.4,42.6,1005.1,9.8,12.8,22.0,28.0,57.0,46.9,0.02,999.9,0
2014-05-05,2014,05,05,53.2,41.8,9999.9,9.8,8.5,17.1,26.0,59.0,48.2,99.99,999.9,0
2014-05-05,2014,05,05,53.7,40.0,1005.8,10.0,10.2,14.0,22.9,61.0,48.0,0.0,999.9,0
2014-05-06,2014,05,06,51.1,38.6,9999.9,10.0,3.8,13.0,22.9,64.4,39.2,99.99,999.9,0
2014-05-06,2014,05,06,52.2,40.5,1011.1,9.6,5.7,11.1,999.9,59.0,46.9,0.01,999.9,0
2014-05-07,2014,05,07,57.7,33.4,9999.9,10.0,8.1,12.0,17.1,62.6,50.0,0.0,999.9,0
2014-05-07,2014,05,07,51.6,38.3,1019.8,10.0,6.8,11.1,999.9,60.1,46.0,0.0,999.9,0
2014-05-08,2014,05,08,52.0,43.4,1022.3,9.6,7.5,12.0,999.9,62.1,46.0,0.0,999.9,0
2014-05-08,2014,05,08,53.0,43.3,9999.9,10.0,7.1,15.0,20.0,64.4,42.8,0.0,999.9,0
2014-05-09,2014,05,09,53.9,49.2,9999.9,9.1,4.5,11.1,999.9,57.2,48.2,0.0,999.9,1
2014-05-09,2014,05,09,51.5,44.5,1022.6,8.7,6.7,14.0,999.9,55.9,44.6,0.0,999.9,1
2014-05-10,2014,05,10,60.9,56.1,9999.9,8.9,12.6,17.1,25.1,68.0,55.4,0.0,999.9,0
2014-05-10,2014,05,10,54.8,49.9,1015.2,7.1,11.1,14.0,20.0,57.9,51.8,0.0,999.9,1
2014-05-11,2014,05,11,58.3,49.5,1013.2,8.6,12.6,19.0,24.1,66.0,53.1,0.24,999.9,0
2014-05-11,2014,05,11,62.1,51.1,9999.9,9.3,10.3,21.0,27.0,71.6,55.4,99.99,999.9,0
2014-05-12,2014,05,12,63.3,43.9,9999.9,10.0,6.5,19.0,28.0,80.6,46.4,99.99,999.9,0
2014-05-12,2014,05,12,57.8,46.2,1018.5,9.8,9.1,13.0,17.1,70.0,48.9,0.23,999.9,0
2014-05-13,2014,05,13,53.4,44.7,9999.9,10.0,12.4,18.1,26.0,60.8,46.4,0.0,999.9,0
2014-05-13,2014,05,13,51.8,43.8,1022.0,10.0,14.1,22.9,28.0,57.0,46.9,0.0,999.9,0
2014-05-14,2014,05,14,51.9,45.3,9999.9,10.0,6.5,11.1,15.9,62.6,44.6,0.0,999.9,0
2014-05-14,2014,05,14,51.2,44.3,1026.5,10.0,9.8,15.0,999.9,59.0,45.0,0.0,999.9,0
2014-05-15,2014,05,15,57.8,51.8,1026.0,10.0,9.6,15.0,20.0,64.9,53.6,0.0,999.9,0
2014-05-16,2014,05,16,58.3,52.8,1021.6,9.1,11.8,15.0,22.0,64.9,54.0,0.0,999.9,0
2014-05-17,2014,05,17,57.7,54.1,1016.0,5.8,12.5,19.0,25.1,62.6,51.1,0.26,999.9,1
2014-05-18,2014,05,18,56.5,46.1,1017.6,9.8,8.5,15.0,20.0,63.0,50.0,0.43,999.9,0
2014-05-19,2014,05,19,56.9,41.8,1016.9,10.0,9.0,15.9,22.0,63.0,48.9,0.0,999.9,0
2014-05-20,2014,05,20,56.4,45.7,1015.4,9.9,10.4,21.0,28.9,64.0,51.1,0.11,999.9,0
2014-05-21,2014,05,21,56.3,47.6,1014.9,10.0,6.0,9.9,999.9,68.0,45.0,0.0,999.9,0
2014-05-22,2014,05,22,50.3,46.2,1013.1,8.6,6.0,13.0,999.9,57.0,46.0,0.0,999.9,1
2014-05-23,2014,05,23,54.9,48.6,1012.4,10.0,7.3,12.0,15.9,62.1,50.0,0.02,999.9,0
2014-05-24,2014,05,24,54.6,46.9,1014.2,10.0,15.0,26.0,29.9,60.1,51.1,0.01,999.9,0
2014-05-25,2014,05,25,53.7,44.4,1018.2,10.0,5.4,8.9,999.9,59.0,48.0,0.0,999.9,0
2014-05-26,2014,05,26,56.7,51.1,1015.3,9.6,10.3,15.0,19.0,63.0,51.1,0.0,999.9,0
2014-05-27,2014,05,27,61.1,52.9,1011.0,9.5,10.0,15.9,20.0,75.0,52.0,0.02,999.9,0
2014-05-28,2014,05,28,51.1,48.4,1012.8,2.6,15.2,22.9,32.1,53.1,48.2,0.0,999.9,1
2014-05-29,2014,05,29,52.0,42.7,1021.9,10.0,11.2,17.1,22.9,59.0,46.4,0.01,999.9,0
2014-05-30,2014,05,30,49.7,42.2,1019.4,10.0,5.7,9.9,999.9,57.9,41.0,0.0,999.9,0
2014-05-30,2014,05,30,49.2,41.8,9999.9,9.9,3.3,9.9,13.0,62.6,35.6,0.0,999.9,0
2014-05-31,2014,05,31,58.6,46.8,9999.9,10.0,14.3,18.1,26.0,60.8,57.2,0.0,999.9,0
2014-05-31,2014,05,31,53.9,46.5,1019.1,10.0,12.4,25.1,33.0,60.8,48.0,0.0,999.9,0
2014-06-01,2014,06,01,58.4,43.5,1024.8,10.0,11.0,15.9,22.0,66.9,51.1,0.0,999.9,0
2014-06-02,2014,06,02,57.4,46.6,1022.9,10.0,6.8,14.0,999.9,68.0,48.0,0.0,999.9,0
2014-06-03,2014,06,03,61.3,51.1,9999.9,10.0,8.0,17.1,22.0,71.6,48.2,0.0,999.9,0
2014-06-03,2014,06,03,58.2,47.9,1016.6,10.0,8.8,15.0,999.9,69.1,46.9,0.0,999.9,0
2014-06-04,2014,06,04,57.1,53.1,9999.9,9.6,4.5,9.9,999.9,64.4,53.6,99.99,999.9,0
2014-06-04,2014,06,04,55.2,51.2,1011.4,7.6,8.3,12.0,999.9,64.9,51.1,0.0,999.9,1
2014-06-05,2014,06,05,58.8,58.8,9999.9,4.0,5.8,15.0,24.1,62.6,55.4,99.99,999.9,1
2014-06-05,2014,06,05,60.0,57.2,1006.3,5.8,7.1,19.0,35.0,64.0,55.4,0.01,999.9,1
2014-06-06,2014,06,06,61.3,54.4,1007.8,9.8,10.0,15.9,21.0,69.1,55.4,2.21,999.9,0
2014-06-06,2014,06,06,62.4,55.6,9999.9,9.3,7.6,12.0,19.0,75.2,51.8,0.0,999.9,0
2014-06-07,2014,06,07,66.7,55.2,9999.9,10.0,6.0,13.0,999.9,77.0,55.4,99.99,999.9,0
2014-06-07,2014,06,07,65.6,54.0,1012.5,9.9,8.6,12.0,999.9,73.9,57.0,0.0,999.9,0
2014-06-08,2014,06,08,69.5,56.4,9999.9,10.0,4.1,8.9,11.1,82.4,53.6,99.99,999.9,0
2014-06-08,2014,06,08,64.9,55.5,1013.2,9.8,4.8,8.0,999.9,77.0,55.9,0.0,999.9,0
2014-06-09,2014,06,09,67.0,57.4,9999.9,10.0,6.6,11.1,15.0,75.2,59.0,0.0,999.9,0
2014-06-09,2014,06,09,61.2,57.0,1015.2,7.1,5.6,9.9,999.9,68.0,55.0,0.0,999.9,1
2014-06-10,2014,06,10,66.6,63.3,9999.9,9.6,8.0,19.0,27.0,71.6,62.6,99.99,999.9,0
2014-06-10,2014,06,10,63.8,60.7,1015.8,8.7,5.6,8.9,999.9,66.9,61.0,0.03,999.9,0
2014-06-11,2014,06,11,61.2,54.4,1019.6,9.3,11.3,15.0,21.0,66.2,57.0,0.16,999.9,0
2014-06-12,2014,06,12,61.0,53.0,1019.7,10.0,13.4,20.0,26.0,66.9,55.9,0.0,999.9,0
2014-06-13,2014,06,13,61.7,58.6,1013.7,4.0,14.4,18.1,24.1,66.0,59.0,0.02,999.9,1
2014-06-14,2014,06,14,66.5,63.8,1009.7,4.8,5.7,11.1,999.9,75.9,62.1,0.26,999.9,1
2014-06-15,2014,06,15,66.1,54.5,1013.9,10.0,10.9,14.0,19.0,73.9,60.1,0.02,999.9,0
2014-06-16,2014,06,16,65.2,50.0,1018.6,10.0,7.5,15.0,20.0,73.9,57.9,0.0,999.9,0
2014-06-17,2014,06,17,62.5,55.2,1019.0,10.0,8.2,12.0,999.9,73.0,57.9,0.0,999.9,0
2014-06-18,2014,06,18,71.6,62.9,1010.8,6.4,10.1,20.0,26.0,82.9,59.0,0.01,999.9,1
2014-06-19,2014,06,19,67.3,61.5,1013.6,9.7,6.5,9.9,999.9,72.0,63.7,0.0,999.9,0
2014-06-20,2014,06,20,64.6,48.8,1013.2,9.8,6.0,11.1,999.9,73.0,52.0,0.08,999.9,0
2014-06-21,2014,06,21,59.9,46.2,1013.9,10.0,5.1,12.0,999.9,73.0,48.0,0.0,999.9,0
2014-06-22,2014,06,22,63.2,49.2,1014.6,9.9,6.0,11.1,999.9,73.0,48.0,0.0,999.9,0
2014-06-23,2014,06,23,62.1,50.3,1019.7,10.0,4.1,9.9,999.9,73.0,52.0,0.0,999.9,0
2014-06-24,2014,06,24,60.0,51.9,1022.0,10.0,5.3,12.0,999.9,66.9,53.1,0.0,999.9,0
2014-06-25,2014,06,25,66.8,61.6,1017.0,9.9,8.3,13.0,999.9,73.9,61.0,0.0,999.9,0
2014-06-26,2014,06,26,66.7,64.4,1011.7,3.5,10.2,21.0,25.1,75.2,62.1,0.01,999.9,1
2014-06-27,2014,06,27,63.9,53.8,1018.0,9.8,13.6,20.0,34.0,75.0,59.0,0.13,999.9,0
2014-06-28,2014,06,28,62.2,51.9,1024.1,9.5,4.8,8.0,999.9,72.0,52.0,0.02,999.9,0
2014-06-29,2014,06,29,64.7,57.9,1024.0,9.5,5.0,8.9,999.9,72.0,55.9,0.01,999.9,0
2014-06-30,2014,06,30,67.3,61.6,1019.0,10.0,8.0,12.0,999.9,73.0,55.0,0.01,999.9,0
2014-07-01,2014,07,01,68.6,65.1,1014.4,9.8,9.1,13.0,18.1,73.9,54.0,0.01,999.9,0
2014-07-02,2014,07,02,69.0,66.0,1014.4,7.2,10.2,14.0,20.0,75.0,64.9,0.0,999.9,1
2014-07-03,2014,07,03,69.1,67.3,1015.3,1.8,8.5,12.0,999.9,75.9,66.0,0.0,999.9,1
2014-07-04,2014,07,04,69.9,68.2,1012.5,3.9,9.8,27.0,36.9,75.9,64.4,0.0,999.9,1
2014-07-05,2014,07,05,67.0,55.8,1012.9,8.4,21.2,42.9,52.1,77.0,62.1,1.88,999.9,0
2014-07-06,2014,07,06,68.2,59.1,1016.4,10.0,14.1,18.1,26.0,77.0,62.1,0.11,999.9,0
2014-07-07,2014,07,07,68.6,62.8,1012.8,9.4,13.9,15.9,22.0,73.9,63.0,0.04,999.9,0
2014-07-08,2014,07,08,69.5,66.2,1010.5,6.2,11.8,15.0,20.0,73.9,64.9,0.01,999.9,1
2014-07-09,2014,07,09,69.4,66.7,1012.5,5.1,12.3,19.0,27.0,73.9,66.0,0.02,999.9,1
2014-07-10,2014,07,10,69.4,66.1,1017.9,5.4,6.1,18.1,25.1,78.1,64.4,0.01,999.9,1
2014-07-11,2014,07,11,69.1,62.4,1021.9,6.5,4.3,8.0,999.9,78.1,64.0,0.03,999.9,1
2014-07-12,2014,07,12,65.7,58.8,1023.4,9.9,4.4,9.9,999.9,75.9,57.9,0.01,999.9,0
2014-07-13,2014,07,13,68.7,63.6,1020.0,9.8,9.7,14.0,999.9,73.0,57.9,0.01,999.9,0
2014-07-14,2014,07,14,69.7,67.0,1014.5,7.4,12.0,15.0,21.0,73.9,64.0,0.0,999.9,0
2014-07-15,2014,07,15,71.4,69.1,1011.6,5.8,13.1,15.9,22.0,75.2,68.0,0.0,999.9,1
2014-07-16,2014,07,16,70.4,68.5,1010.6,6.0,13.7,15.9,22.9,75.0,68.0,0.0,999.9,0
2014-07-17,2014,07,17,70.4,63.7,1013.3,7.7,4.5,8.0,999.9,77.0,66.2,0.01,999.9,1
2014-07-18,2014,07,18,69.6,59.4,1020.7,9.6,5.0,7.0,999.9,79.0,63.0,0.04,999.9,0
2014-07-19,2014,07,19,65.0,54.1,1024.2,10.0,5.0,9.9,999.9,78.1,55.9,0.0,999.9,0
2014-07-20,2014,07,20,65.2,57.9,1021.3,9.1,10.0,13.0,18.1,73.9,55.9,0.0,999.9,0
2014-07-21,2014,07,21,65.9,63.3,1020.4,6.0,12.8,15.9,21.0,70.0,62.6,0.4,999.9,0
2014-07-22,2014,07,22,67.1,63.5,1020.4,5.9,5.4,11.1,999.9,73.0,60.1,0.02,999.9,1
2014-07-23,2014,07,23,69.2,65.9,1015.0,9.9,9.9,14.0,20.0,73.9,60.1,0.01,999.9,0
2014-07-24,2014,07,24,69.6,66.7,1009.5,6.4,8.5,14.0,28.0,75.9,64.4,0.04,999.9,1
2014-07-25,2014,07,25,67.4,60.8,1013.4,10.0,5.9,8.9,999.9,77.0,61.0,0.0,999.9,0
2014-07-26,2014,07,26,66.9,63.2,1015.8,9.8,6.9,9.9,999.9,75.0,61.0,0.0,999.9,0
2014-07-27,2014,07,27,68.6,65.2,1011.4,9.9,7.6,14.0,999.9,73.9,62.1,0.01,999.9,0
2014-07-28,2014,07,28,69.4,66.9,1003.0,4.8,10.0,17.1,26.0,73.9,64.9,0.01,999.9,1
2014-07-29,2014,07,29,68.9,62.8,1007.7,9.6,10.5,15.9,999.9,73.9,64.9,0.12,999.9,0
2014-07-30,2014,07,30,67.3,60.6,1015.5,9.3,5.5,11.1,999.9,75.0,59.0,0.0,999.9,0
2014-07-31,2014,07,31,67.7,62.9,1019.8,9.6,6.3,11.1,999.9,75.0,59.0,0.01,999.9,0
2014-08-01,2014,08,01,67.5,62.9,1023.5,9.0,5.3,8.9,999.9,73.9,59.0,0.01,999.9,0
2014-08-02,2014,08,02,64.3,60.0,1022.8,8.8,6.5,15.0,19.0,73.9,59.0,0.56,999.9,0
2014-08-03,2014,08,03,66.4,64.6,1019.1,6.0,5.1,9.9,999.9,70.0,61.0,0.6,999.9,1
2014-08-04,2014,08,04,68.2,65.5,1017.7,6.0,5.2,12.0,999.9,73.0,64.0,0.04,999.9,1
2014-08-05,2014,08,05,69.2,67.4,1016.2,3.7,6.6,11.1,999.9,75.9,64.9,0.0,999.9,1
2014-08-06,2014,08,06,70.1,65.7,1010.1,4.4,4.3,8.9,999.9,78.1,66.0,0.01,999.9,1
2014-08-07,2014,08,07,69.3,60.6,1011.1,9.2,6.3,15.0,21.0,77.0,60.1,0.0,999.9,0
2014-08-08,2014,08,08,66.3,57.6,1014.9,10.0,7.4,14.0,999.9,77.0,59.0,0.19,999.9,0
2014-08-09,2014,08,09,70.4,61.3,1017.2,9.9,6.4,8.9,999.9,78.1,60.1,0.0,999.9,0
2014-08-10,2014,08,10,69.1,61.4,1019.2,9.8,4.6,8.0,999.9,81.0,57.9,0.01,999.9,0
2014-08-11,2014,08,11,66.3,59.2,1021.1,7.8,3.6,8.9,999.9,81.0,57.0,0.01,999.9,1
2014-08-12,2014,08,12,67.2,62.2,1020.2,10.0,7.8,12.0,999.9,75.0,57.0,0.01,999.9,0
2014-08-13,2014,08,13,66.6,63.5,1013.0,8.4,15.5,22.0,28.0,75.0,60.1,0.39,999.9,0
2014-08-14,2014,08,14,67.8,60.8,1008.1,9.1,9.7,15.0,15.9,72.0,63.0,0.02,999.9,0
2014-08-15,2014,08,15,66.8,59.2,1012.2,10.0,8.8,15.0,20.0,72.0,61.0,0.01,999.9,0
2014-08-16,2014,08,16,66.3,58.8,1015.3,9.7,8.2,12.0,999.9,73.0,59.0,0.0,999.9,0
2014-08-17,2014,08,17,68.3,64.7,1011.1,8.3,6.8,12.0,17.1,73.9,59.0,0.06,999.9,1
2014-08-18,2014,08,18,67.9,57.7,1009.6,9.8,7.8,13.0,20.0,73.9,61.0,0.0,999.9,0
2014-08-19,2014,08,19,63.9,56.9,1012.6,8.8,4.1,8.0,999.9,73.9,54.0,0.01,999.9,1
2014-08-20,2014,08,20,63.8,55.9,1015.5,9.9,6.0,12.0,999.9,73.0,52.0,0.01,999.9,0
2014-08-21,2014,08,21,67.1,60.6,1017.5,10.0,7.7,12.0,999.9,73.0,52.0,0.01,999.9,0
2014-08-22,2014,08,22,63.9,60.0,1017.7,7.9,7.9,13.0,19.0,73.0,57.9,0.01,999.9,1
2014-08-23,2014,08,23,65.6,60.1,1017.9,9.8,10.8,18.1,22.9,73.0,57.9,0.02,999.9,0
2014-08-24,2014,08,24,63.9,56.8,1019.4,10.0,9.0,15.9,22.0,73.0,55.0,0.01,999.9,0
2014-08-25,2014,08,25,63.3,56.5,1020.5,10.0,3.8,8.0,999.9,72.0,54.0,0.0,999.9,0
2014-08-26,2014,08,26,63.0,56.0,1021.1,10.0,3.5,8.9,999.9,72.0,53.1,0.0,999.9,0
2014-08-27,2014,08,27,67.5,64.7,1016.3,6.5,7.3,12.0,999.9,75.0,53.1,0.02,999.9,1
2014-08-28,2014,08,28,71.0,62.4,1009.4,6.8,8.8,19.0,27.0,78.1,59.0,0.01,999.9,1
2014-08-29,2014,08,29,67.2,53.4,1018.9,10.0,10.8,18.1,22.0,78.1,59.0,0.03,999.9,0
2014-08-30,2014,08,30,60.1,51.2,1025.5,10.0,6.3,9.9,999.9,71.1,46.0,0.0,999.9,0
2014-08-31,2014,08,31,69.1,65.6,1020.7,9.4,9.0,13.0,18.1,73.9,64.0,0.0,999.9,0
2014-09-01,2014,09,01,71.5,69.2,1015.6,6.8,9.3,19.0,25.1,77.0,66.0,0.14,999.9,0
2014-09-02,2014,09,02,71.1,69.4,1013.1,1.7,6.8,9.9,999.9,77.0,68.0,0.01,999.9,1
2014-09-03,2014,09,03,74.0,65.1,1012.3,8.1,9.7,14.0,22.0,82.0,66.9,0.0,999.9,1
2014-09-04,2014,09,04,69.4,60.8,1020.5,9.9,5.2,12.0,999.9,82.0,59.0,0.0,999.9,0
2014-09-05,2014,09,05,70.3,67.2,1021.3,8.7,7.5,13.0,999.9,78.1,59.0,0.01,999.9,1
2014-09-06,2014,09,06,72.0,69.9,1014.3,6.9,10.7,15.0,18.1,77.0,64.9,0.01,999.9,1
2014-09-07,2014,09,07,70.1,62.9,1015.8,9.0,11.0,20.0,24.1,77.0,62.1,0.0,999.9,0
2014-09-08,2014,09,08,63.6,55.3,1025.3,10.0,7.8,15.9,21.0,75.0,55.9,0.01,999.9,0
2014-09-09,2014,09,09,64.6,56.5,1025.0,10.0,10.9,15.0,22.9,73.0,55.9,0.0,999.9,0
2014-09-10,2014,09,10,66.2,61.2,1019.1,10.0,11.3,17.1,22.0,73.0,60.1,0.0,999.9,0
2014-09-11,2014,09,11,64.4,60.3,1014.8,9.7,6.4,13.0,999.9,73.0,54.0,0.0,999.9,0
2014-09-12,2014,09,12,67.1,58.8,1016.6,9.7,11.4,18.1,22.0,73.0,54.0,0.0,999.9,0
2014-09-13,2014,09,13,59.9,53.2,1022.2,9.6,7.6,15.0,21.0,70.0,52.0,0.0,999.9,0
2014-09-14,2014,09,14,62.2,54.3,1020.7,10.0,9.6,17.1,24.1,68.0,52.0,0.04,999.9,0
2014-09-15,2014,09,15,57.5,47.6,1022.0,10.0,3.6,8.0,999.9,66.0,46.9,0.0,999.9,0
2014-09-16,2014,09,16,61.2,50.8,1017.0,10.0,6.5,9.9,999.9,66.9,46.9,0.0,999.9,0
2014-09-17,2014,09,17,61.9,54.4,1015.5,9.8,4.6,13.0,999.9,70.0,51.1,0.0,999.9,0
2014-09-18,2014,09,18,61.1,47.4,1014.7,10.0,5.0,11.1,15.0,72.0,48.0,0.0,999.9,0
2014-09-19,2014,09,19,57.2,42.7,1024.1,10.0,12.5,19.0,26.0,72.0,46.0,0.0,999.9,0
2014-09-20,2014,09,20,57.0,47.3,1027.2,10.0,7.7,12.0,999.9,68.0,44.1,0.0,999.9,0
2014-09-21,2014,09,21,66.1,63.2,1015.7,8.1,8.1,13.0,17.1,71.6,62.1,0.0,999.9,0
2014-09-22,2014,09,22,67.9,61.5,1007.0,8.2,12.3,22.9,27.0,72.0,61.0,0.11,999.9,1
2014-09-23,2014,09,23,59.0,42.3,1022.8,10.0,9.3,15.9,22.9,72.0,53.1,0.01,999.9,0
2014-09-24,2014,09,24,58.9,51.3,1033.3,10.0,6.7,15.0,21.0,68.0,48.9,0.0,999.9,0
2014-09-25,2014,09,25,59.7,55.3,1031.0,8.6,8.9,15.0,21.0,68.0,48.9,0.0,999.9,0
2014-09-26,2014,09,26,63.1,59.1,1020.5,7.9,15.8,20.0,27.0,69.1,57.9,1.99,999.9,0
2014-09-27,2014,09,27,63.5,55.3,1020.7,9.9,6.2,9.9,999.9,75.9,53.1,0.01,999.9,0
2014-09-28,2014,09,28,63.3,58.5,1020.5,9.9,4.4,9.9,999.9,75.9,53.1,0.0,999.9,0
2014-09-29,2014,09,29,65.9,63.2,1015.5,9.2,6.7,11.1,999.9,73.0,53.1,0.02,999.9,0
2014-09-30,2014,09,30,63.3,61.3,1014.7,6.7,7.0,18.1,999.9,72.0,62.1,0.02,999.9,0
2014-10-01,2014,10,01,62.4,60.6,1014.5,7.1,13.2,15.9,20.0,63.0,60.8,0.24,999.9,0
2014-10-02,2014,10,02,59.9,56.3,1016.6,9.4,17.6,22.0,28.9,61.0,57.2,1.08,999.9,0
2014-10-03,2014,10,03,58.5,54.0,1016.5,9.2,13.1,18.1,24.1,61.0,57.0,0.01,999.9,0
2014-10-04,2014,10,04,59.4,57.3,1007.1,6.8,5.7,11.1,22.0,64.0,57.0,0.02,999.9,1
2014-10-05,2014,10,05,59.6,50.4,1006.5,9.6,11.0,17.1,25.1,64.9,51.1,0.08,999.9,0
2014-10-06,2014,10,06,55.7,42.6,1018.6,10.0,6.9,13.0,999.9,64.0,45.0,0.0,999.9,0
2014-10-07,2014,10,07,63.0,57.0,1021.1,10.0,11.5,14.0,19.0,69.1,45.0,0.0,999.9,0
2014-10-08,2014,10,08,65.2,60.4,1012.5,9.4,12.3,31.1,44.1,70.0,60.1,0.07,999.9,1
2014-10-09,2014,10,09,60.8,45.9,1013.8,9.7,12.6,21.0,26.0,70.0,48.9,0.39,999.9,0
2014-10-10,2014,10,10,59.0,44.0,1017.8,10.0,8.9,15.9,17.1,66.0,48.9,0.0,999.9,0
2014-10-11,2014,10,11,52.9,48.1,1019.0,8.1,8.1,17.1,20.0,62.1,50.0,0.15,999.9,0
2014-10-12,2014,10,12,53.3,43.7,1022.4,10.0,9.2,14.0,21.0,59.0,44.1,0.78,999.9,0
2014-10-13,2014,10,13,50.9,43.2,1027.7,10.0,4.2,9.9,999.9,62.1,39.0,0.0,999.9,0
2014-10-14,2014,10,14,63.2,58.4,1025.4,10.0,8.2,9.9,999.9,66.9,59.0,0.0,999.9,0
2014-10-15,2014,10,15,64.9,62.1,1021.0,9.9,9.5,12.0,999.9,70.0,61.0,0.01,999.9,0
2014-10-16,2014,10,16,65.0,63.4,1013.5,6.6,12.0,17.1,27.0,68.0,62.6,0.05,999.9,0
2014-10-17,2014,10,17,63.2,59.7,1006.5,7.9,9.7,17.1,19.0,70.0,60.1,1.04,999.9,0
2014-10-18,2014,10,18,62.7,58.8,1003.7,9.0,7.5,12.0,999.9,68.0,59.0,0.02,999.9,0
2014-10-19,2014,10,19,56.0,45.2,1005.8,10.0,10.7,20.0,24.1,68.0,51.1,0.01,999.9,0
2014-10-20,2014,10,20,49.0,32.4,1016.2,10.0,11.8,18.1,27.0,59.0,41.0,0.0,999.9,0
2014-10-21,2014,10,21,57.7,52.3,1015.5,9.3,10.5,15.9,21.0,60.8,53.1,0.0,999.9,0
2014-10-22,2014,10,22,57.0,55.4,1010.3,6.1,12.8,21.0,28.9,60.8,51.8,0.23,999.9,0
2014-10-23,2014,10,23,59.5,57.0,1000.4,8.7,10.7,18.1,25.1,64.0,51.1,0.1,999.9,0
2014-10-24,2014,10,24,54.3,51.1,1003.1,7.6,15.7,21.0,29.9,64.0,51.1,0.16,999.9,0
2014-10-25,2014,10,25,54.7,45.9,1006.0,10.0,10.7,19.0,22.9,62.1,45.0,0.0,999.9,0
2014-10-26,2014,10,26,57.6,45.4,999.7,10.0,13.1,18.1,28.9,62.1,45.0,0.04,999.9,0
2014-10-27,2014,10,27,54.1,40.5,1010.0,10.0,12.0,17.1,24.1,61.0,48.9,0.0,999.9,0
2014-10-28,2014,10,28,54.3,48.0,1017.5,9.9,6.1,9.9,999.9,64.9,39.9,0.0,999.9,0
2014-10-29,2014,10,29,61.9,59.0,1013.1,8.0,9.8,14.0,999.9,66.0,57.9,0.0,999.9,0
2014-10-30,2014,10,30,56.1,45.0,1012.9,9.4,8.9,15.9,22.9,66.0,51.1,0.0,999.9,0
2014-10-31,2014,10,31,51.3,43.6,1014.8,10.0,7.9,15.0,21.0,61.0,42.1,0.0,999.9,0
2014-11-01,2014,11,01,53.0,46.9,1009.0,8.8,18.8,28.9,41.0,57.9,42.1,0.08,999.9,0
2014-11-02,2014,11,02,43.5,38.4,1001.3,6.3,32.8,39.0,55.0,55.0,37.0,1.15,999.9,0
2014-11-03,2014,11,03,44.6,20.6,1012.6,10.0,18.9,25.1,35.9,52.0,37.0,0.66,999.9,0
2014-11-04,2014,11,04,52.7,37.7,1019.4,10.0,6.9,15.0,22.0,61.0,37.9,0.0,999.9,0
2014-11-05,2014,11,05,57.7,52.4,1018.3,9.3,11.1,15.0,999.9,62.1,54.0,0.0,999.9,0
2014-11-06,2014,11,06,53.6,48.7,1015.8,9.4,5.6,15.0,21.0,63.0,50.0,0.02,999.9,0
2014-11-07,2014,11,07,52.5,46.7,999.0,7.9,11.7,21.0,29.9,59.0,46.0,0.85,999.9,0
2014-11-08,2014,11,08,43.9,29.7,1012.0,10.0,13.9,20.0,32.1,55.0,37.0,0.03,999.9,0
2014-11-09,2014,11,09,53.2,42.7,1014.0,10.0,9.1,17.1,24.1,59.0,37.0,0.0,999.9,0
2014-11-10,2014,11,10,48.2,42.2,1019.2,9.6,4.0,7.0,999.9,59.0,39.0,0.0,999.9,0
2014-11-11,2014,11,11,51.0,47.2,1020.7,9.5,8.2,12.0,999.9,59.0,39.0,0.0,999.9,1
2014-11-12,2014,11,12,56.5,53.5,1012.9,6.0,5.2,11.1,999.9,68.0,45.0,0.0,999.9,1
2014-11-13,2014,11,13,49.8,41.1,1015.5,8.6,8.4,999.9,999.9,68.0,45.0,0.0,999.9,1
2014-11-14,2014,11,14,43.7,34.9,1012.3,9.7,11.1,18.1,25.1,53.1,39.9,0.22,999.9,0
2014-11-15,2014,11,15,37.0,20.6,1021.7,10.0,10.7,15.9,21.0,48.0,32.0,0.05,999.9,0
2014-11-16,2014,11,16,38.1,26.0,1027.1,10.0,5.6,15.9,22.0,50.0,23.0,0.0,999.9,0
2014-11-17,2014,11,17,52.1,48.9,1014.6,6.5,9.5,24.1,35.0,61.0,45.0,0.09,999.9,0
2014-11-18,2014,11,18,48.9,39.6,1004.5,7.8,17.1,26.0,38.1,63.0,34.0,2.91,999.9,0
2014-11-19,2014,11,19,33.6,14.6,1018.3,10.0,14.4,19.0,25.1,39.0,30.0,0.02,999.9,0
2014-11-20,2014,11,20,45.7,32.6,1014.0,9.8,16.1,22.9,31.1,53.1,28.9,0.03,999.9,0
2014-11-21,2014,11,21,36.8,15.4,1017.4,10.0,15.8,22.0,35.9,53.1,32.0,0.0,999.9,0
2014-11-22,2014,11,22,37.1,19.7,1028.3,10.0,15.9,28.0,34.0,48.0,28.0,0.0,999.9,0
2014-11-23,2014,11,23,52.6,41.5,1021.4,8.9,18.3,26.0,35.0,57.9,48.0,0.0,999.9,0
2014-11-24,2014,11,24,54.8,52.5,1014.5,4.5,15.5,27.0,34.0,61.0,46.9,0.0,999.9,0
2014-11-25,2014,11,25,56.7,53.5,1014.0,3.6,11.2,19.0,26.0,61.0,50.0,0.26,999.9,1
2014-11-26,2014,11,26,48.0,41.1,1018.0,6.7,11.9,32.1,46.0,59.0,44.1,0.01,999.9,0
2014-11-27,2014,11,27,41.8,36.7,1008.0,8.6,13.8,27.0,39.0,48.2,37.4,1.86,999.9,0
2014-11-28,2014,11,28,37.0,30.9,1015.6,9.3,12.6,22.0,29.9,46.0,34.0,0.05,999.9,0
2014-11-29,2014,11,29,30.9,16.8,1025.3,10.0,6.6,14.0,999.9,39.0,25.0,0.0,999.9,0
2014-11-30,2014,11,30,46.1,38.6,1024.0,9.9,9.8,15.0,999.9,55.9,24.1,0.0,999.9,0
2014-12-01,2014,12,01,53.2,49.0,1019.8,7.4,9.8,14.0,999.9,57.0,39.9,0.0,999.9,0
2014-12-02,2014,12,02,42.5,32.4,1033.2,9.9,14.9,19.0,27.0,57.0,39.0,0.09,999.9,0
2014-12-03,2014,12,03,51.2,48.4,1022.8,6.1,14.5,20.0,26.0,55.0,39.0,0.22,999.9,0
2014-12-04,2014,12,04,43.1,28.0,1025.4,9.9,11.5,22.0,31.1,55.0,37.0,0.01,999.9,0
2014-12-05,2014,12,05,39.3,27.7,1034.8,9.8,9.3,14.0,22.9,46.0,32.0,0.0,999.9,0
2014-12-06,2014,12,06,48.9,45.2,1026.7,6.8,9.8,18.1,25.1,54.0,32.0,0.13,999.9,0
2014-12-07,2014,12,07,41.9,34.0,1027.0,8.0,25.0,35.0,46.0,54.0,35.1,1.96,999.9,0
2014-12-08,2014,12,08,35.4,24.7,1035.8,10.0,19.6,29.9,39.0,45.0,32.0,0.67,999.9,0
2014-12-09,2014,12,09,48.7,45.1,1019.3,5.8,19.6,28.0,41.0,57.0,32.0,0.03,999.9,0
2014-12-10,2014,12,10,47.9,44.8,999.6,8.4,8.6,15.9,999.9,57.0,44.1,2.11,999.9,0
2014-12-11,2014,12,11,40.8,33.7,1003.0,9.5,19.3,26.0,33.0,48.9,37.9,0.05,999.9,0
2014-12-12,2014,12,12,37.0,27.8,1010.7,10.0,8.2,14.0,19.0,42.1,33.1,0.04,999.9,0
2014-12-13,2014,12,13,36.9,27.7,1009.8,9.9,9.8,14.0,20.0,39.9,33.1,0.0,999.9,0
2014-12-14,2014,12,14,39.0,30.1,1008.6,10.0,10.9,15.9,999.9,42.8,36.0,0.0,999.9,0
2014-12-15,2014,12,15,37.8,31.6,1014.5,9.9,5.8,11.1,999.9,44.6,32.0,0.0,999.9,0
2014-12-16,2014,12,16,44.0,37.0,1019.7,9.6,4.2,8.0,999.9,48.0,33.1,0.0,999.9,0
2014-12-17,2014,12,17,48.6,45.7,1009.7,8.0,8.8,15.0,22.9,52.0,41.0,0.1,999.9,1
2014-12-18,2014,12,18,42.4,32.2,1008.0,10.0,14.1,19.0,28.9,52.0,39.0,0.0,999.9,0
2014-12-19,2014,12,19,37.3,26.2,1012.9,10.0,9.6,15.9,999.9,46.0,34.0,0.0,999.9,0
2014-12-20,2014,12,20,38.2,30.8,1020.7,10.0,8.3,12.0,15.9,43.0,34.0,0.0,999.9,0
2014-12-21,2014,12,21,41.4,34.0,1024.2,9.8,7.1,9.9,999.9,46.0,36.0,0.06,999.9,0
2014-12-22,2014,12,22,42.9,37.4,1026.3,9.7,7.5,15.0,20.0,48.9,37.0,0.0,999.9,0
2014-12-23,2014,12,23,47.4,44.2,1022.0,6.6,11.1,15.0,22.0,51.1,37.0,0.03,999.9,0
2014-12-24,2014,12,24,50.7,49.2,1015.7,2.1,10.2,18.1,24.1,55.9,45.0,0.55,999.9,1
2014-12-25,2014,12,25,53.1,49.3,1005.9,4.1,15.1,21.0,27.0,57.9,46.9,0.88,999.9,1
2014-12-26,2014,12,26,44.8,33.5,1018.9,10.0,10.4,15.9,21.0,57.9,39.0,0.2,999.9,0
2014-12-27,2014,12,27,43.7,36.4,1021.8,10.0,7.4,11.1,999.9,51.1,37.9,0.0,999.9,0
2014-12-28,2014,12,28,47.0,43.2,1014.0,9.5,10.7,15.9,22.0,51.1,37.9,0.01,999.9,0
2014-12-29,2014,12,29,41.2,27.8,1017.9,9.9,8.4,12.0,18.1,51.1,36.0,0.01,999.9,0
2014-12-30,2014,12,30,32.1,15.4,1024.3,10.0,11.9,15.9,25.1,44.1,27.0,0.0,999.9,0
2014-12-31,2014,12,31,26.9,8.3,1025.3,9.9,7.5,12.0,999.9,37.0,21.9,0.0,999.9,0