stn,wban,year,mo,da,temp,count_temp,dewp,count_dewp,slp,count_slp,stp,count_stp,visib,count_visib,wdsp,count_wdsp,mxpsd,gust,max,flag_max,min,flag_min,prcp,flag_prcp,sndp,fog,rain_drizzle,snow_ice_pellets,hail,thunder,tornado_funnel_cloud
725060,14756,2016,04,01,54.8,24,52.5,24,1007.0,18,1008.6,12,2.2,24,18.2,24,29.9,39.0,59.0,,46.0,,0.01,G,999.9,1,1,0,0,0,0
725060,14756,2016,01,01,41.2,24,28.0,24,1015.1,15,1012.9,14,9.8,24,10.2,24,17.1,24.1,44.1,*,37.4,*,0.43,G,999.9,0,1,0,0,0,0
725060,14756,2016,04,22,55.4,21,48.4,21,1013.8,20,1012.1,21,8.7,21,10.2,21,15.9,999.9,72.0,,44.1,,0.0,G,999.9,1,1,0,0,0,0
725060,14756,2016,05,06,48.5,21,43.5,21,1006.6,12,1005.9,21,9.4,21,16.5,21,27.0,36.9,53.1,,44.1,,0.93,G,999.9,0,1,0,0,0,0
725060,14756,2016,03,27,40.0,24,32.8,24,1028.8,16,1027.3,24,9.8,24,5.4,24,9.9,999.9,46.9,,37.0,,0.0,G,999.9,0,0,0,0,0,0
725060,14756,2016,05,25,57.9,24,53.4,24,1015.7,18,1014.0,24,7.7,24,8.7,24,14.0,999.9,64.0,,51.1,,0.01,G,999.9,0,1,0,0,0,0
725060,14756,2016,08,22,73.8,24,66.7,24,1011.0,18,1009.1,24,6.7,24,10.4,24,15.0,19.0,81.0,,63.0,,0.47,G,999.9,1,1,0,0,0,0
725060,14756,2016,07,01,66.9,24,63.6,24,1017.1,20,1015.6,24,7.8,24,8.7,24,17.1,999.9,77.0,,61.0,,0.0,G,999.9,1,1,0,0,0,0
725060,14756,2016,07,08,65.7,24,64.2,24,1009.2,12,1007.5,24,3.2,24,10.0,24,21.0,27.0,70.0,*,60.8,*,0.32,G,999.9,1,1,0,0,0,0
725060,14756,2016,05,31,62.8,24,60.6,24,1014.4,12,1012.9,24,4.9,24,10.1,24,19.0,24.1,70.0,,60.1,,0.03,G,999.9,1,1,0,0,0,0
725060,14756,2016,07,11,63.1,24,58.4,24,1016.8,15,1014.7,24,9.9,24,4.9,23,7.0,999.9,70.0,,55.0,,0.01,G,999.9,0,0,0,0,0,0
725060,14756,2016,02,10,33.5,24,28.0,24,1002.2,17,1000.5,24,9.1,24,4.2,24,8.9,999.9,37.9,,28.0,,0.0,G,999.9,0,1,1,0,0,0
725060,14756,2016,09,30,60.1,24,54.5,24,1028.7,18,1026.5,24,7.8,24,15.6,24,20.0,28.9,63.0,,57.9,,0.01,G,999.9,0,1,0,0,0,0
725060,14756,2016,10,03,60.5,24,56.1,24,1016.2,18,1014.8,24,9.9,24,4.4,24,9.9,999.9,66.0,,57.0,,0.0,G,999.9,0,0,0,0,0,0
725060,14756,2016,03,11,46.8,24,42.9,24,1013.9,19,1012.8,24,7.6,24,10.1,24,18.1,22.9,62.1,,39.9,,0.15,G,999.9,1,1,0,0,0,0
725060,14756,2016,01,18,34.4,24,24.9,24,1002.2,20,1000.1,24,8.8,24,15.3,24,27.0,35.0,44.1,,26.1,,0.45,G,999.9,0,1,1,0,0,0
725060,14756,2016,06,30,68.9,24,63.6,24,1014.4,20,1012.4,24,5.9,24,6.4,24,9.9,999.9,77.0,,63.0,,0.0,G,999.9,1,0,0,0,0,0
725060,14756,2016,09,28,63.1,24,60.7,24,1018.8,12,1016.7,24,5.7,24,11.3,24,21.0,27.0,66.2,*,60.1,*,1.0,G,999.9,0,1,0,0,0,0
725060,14756,2016,12,17,36.2,24,31.3,24,1023.4,14,1020.3,24,5.9,24,11.5,24,24.1,32.1,52.0,,12.0,,0.05,G,999.9,0,1,1,0,0,0
725060,14756,2016,05,02,51.3,24,48.0,24,1015.7,15,1013.5,24,4.9,24,10.6,24,15.9,999.9,55.9,,37.0,,0.22,G,999.9,1,1,0,0,0,0
725060,14756,2016,09,21,70.0,24,64.4,24,1020.2,16,1018.4,24,5.3,24,6.4,24,12.0,999.9,77.0,,62.1,,0.07,G,999.9,1,0,0,0,0,0
725060,14756,2016,11,07,47.4,24,36.7,24,1026.2,21,1024.8,24,9.6,24,18.8,24,25.1,31.1,54.0,,43.0,,0.35,G,999.9,0,1,0,0,0,0
725060,14756,2016,09,23,66.3,24,62.1,24,1016.5,22,1014.9,24,9.5,24,5.8,24,12.0,999.9,79.0,,55.9,,0.0,G,999.9,1,0,0,0,0,0
725060,14756,2016,01,13,32.9,24,18.2,24,1005.8,23,1004.0,24,9.6,24,18.0,24,32.1,42.0,43.0,,19.9,,0.13,G,999.9,0,1,1,0,0,0
725060,14756,2016,10,23,53.7,24,35.4,24,1003.0,24,1001.4,24,10.0,24,21.3,24,29.9,45.1,64.0,,50.0,,0.01,G,999.9,0,1,0,0,0,0
725060,14756,2016,10,30,61.1,24,52.4,24,1010.9,24,1009.3,24,9.3,24,11.0,24,15.9,22.9,69.1,,46.9,,0.0,G,999.9,0,1,0,0,0,0
725060,14756,2016,12,11,29.9,24,13.3,24,1031.6,24,1030.0,24,10.0,24,7.5,24,12.0,15.9,36.0,,24.1,,0.0,G,999.9,0,0,0,0,0,0
725060,14756,2016,06,27,64.3,24,58.3,24,1020.6,24,1018.9,24,10.0,24,9.3,24,14.0,999.9,71.1,,50.0,,0.0,G,999.9,0,0,0,0,0,0
725060,14756,2016,05,26,65.7,24,53.9,24,1018.1,24,1016.5,24,9.7,24,7.7,24,15.0,21.0,78.1,,54.0,,0.0,G,999.9,0,0,0,0,0,0
725060,14756,2016,12,13,39.7,24,26.9,24,1017.1,24,1015.5,24,9.8,24,9.7,24,18.1,24.1,53.1,,35.1,,0.83,G,999.9,0,0,0,0,0,0
725060,14756,2016,12,26,36.4,24,25.6,24,1038.3,23,1036.5,24,10.0,24,10.2,24,15.0,999.9,46.0,,28.9,,0.0,G,999.9,0,0,0,0,0,0
725060,14756,2016,09,26,55.2,24,41.1,24,1021.6,24,1020.0,24,10.0,24,5.3,23,8.9,999.9,64.9,,44.1,,0.0,G,999.9,0,0,0,0,0,0
725060,14756,2016,06,19,59.9,24,51.5,24,1027.6,24,1025.9,24,10.0,24,9.8,24,14.0,999.9,73.0,,53.1,,0.0,G,999.9,0,0,0,0,0,0
725060,14756,2016,10,27,46.5,24,36.4,24,1029.3,24,1027.7,24,9.8,24,8.2,24,15.0,22.0,52.0,,39.9,,0.0,G,999.9,0,1,0,0,0,0
725060,14756,2016,11,21,38.8,24,23.3,24,998.3,24,996.3,24,10.0,24,21.2,24,27.0,39.0,51.1,,37.0,,0.07,G,999.9,0,0,1,0,0,0
725060,14756,2016,03,31,51.0,24,44.6,24,1019.5,24,1017.9,24,8.7,24,13.1,24,17.1,999.9,59.0,,37.9,,0.0,G,999.9,0,0,0,0,0,0
725060,14756,2016,09,03,63.2,24,57.5,24,1022.0,24,1020.4,24,10.0,24,5.7,24,9.9,999.9,75.0,,55.9,,0.0,G,999.9,0,0,0,0,0,0
725060,14756,2016,11,12,42.1,24,25.4,24,1019.6,24,1017.9,24,10.0,24,13.9,24,22.0,29.9,46.0,*,39.0,*,0.0,G,999.9,0,0,0,0,0,0
725060,14756,2016,04,25,48.4,24,36.3,24,1017.1,24,1015.4,24,10.0,24,9.2,24,14.0,999.9,55.0,,37.0,,0.0,G,999.9,0,0,0,0,0,0
725060,14756,2016,05,08,48.5,24,46.1,24,1005.4,12,1003.8,24,2.9,24,9.6,24,14.0,999.9,66.0,,45.0,,0.0,G,999.9,1,1,0,0,0,0
725060,14756,2016,03,21,37.4,24,32.0,24,1008.7,15,1005.9,24,7.3,24,16.0,24,22.0,31.1,43.0,,34.0,,0.35,G,999.9,0,1,1,0,0,0
725060,14756,2016,06,03,58.4,24,55.9,24,1018.3,19,1016.7,24,7.8,24,6.7,24,9.9,999.9,64.4,*,55.0,*,0.0,G,999.9,0,1,0,0,0,0
725060,14756,2016,12,14,41.2,24,31.1,24,1013.7,21,1012.2,24,9.8,24,8.2,24,15.9,22.0,44.1,,35.1,,0.0,G,999.9,0,0,0,0,0,0
725060,14756,2016,04,19,46.9,24,40.0,24,1016.0,22,1014.1,24,9.8,24,7.9,24,20.0,999.9,64.0,,37.9,,0.0,G,999.9,0,1,0,0,0,0
725060,14756,2016,08,05,65.3,24,60.4,24,1017.2,22,1015.7,24,9.3,24,5.0,24,9.9,999.9,73.9,,55.0,,0.0,G,999.9,1,0,0,0,0,0
725060,14756,2016,03,01,43.2,24,29.0,24,1016.6,23,1014.7,24,9.3,24,12.1,24,17.1,22.9,54.0,,39.0,,0.0,G,999.9,0,1,0,0,0,0
725060,14756,2016,02,26,40.2,24,23.9,24,1001.8,23,999.9,24,9.5,24,20.8,24,29.9,36.9,57.0,,35.1,,0.04,G,999.9,0,0,0,0,0,0
725060,14756,2016,07,06,71.8,24,65.3,24,1009.9,23,1008.2,24,8.6,24,6.5,24,13.0,999.9,81.0,,64.0,,1.5,G,999.9,1,0,0,0,0,0
725060,14756,2016,05,18,55.5,24,45.2,24,1019.6,24,1018.0,24,10.0,24,11.0,24,21.0,27.0,63.0,,48.0,,0.06,G,999.9,0,1,0,0,0,0
725060,14756,2016,02,22,41.8,24,31.7,24,1017.1,24,1015.5,24,10.0,24,9.2,24,15.9,22.9,54.0,,32.0,,0.07,G,999.9,0,1,0,0,0,0
725060,14756,2016,07,13,67.2,24,63.3,24,1019.3,24,1017.7,24,10.0,24,9.2,24,14.0,999.9,78.1,,57.9,,0.0,G,999.9,0,0,0,0,0,0
725060,14756,2016,06,26,60.8,24,49.4,24,1023.3,24,1021.7,24,10.0,24,5.7,24,8.9,999.9,71.1,,50.0,,0.0,G,999.9,0,0,0,0,0,0
725060,14756,2016,10,18,63.8,24,61.6,24,1014.1,14,1012.1,24,4.6,24,6.8,24,14.0,999.9,73.9,,59.0,,0.0,G,999.9,1,0,0,0,0,0
725060,14756,2016,07,09,61.7,24,58.6,24,1011.6,15,1009.9,24,6.5,24,10.8,24,13.0,999.9,70.0,,59.0,,0.62,G,999.9,0,0,0,0,0,0
725060,14756,2016,07,02,69.4,24,62.8,24,1011.9,15,1010.1,24,7.2,24,11.8,24,22.0,33.0,75.9,,61.0,,0.76,G,999.9,1,1,0,0,0,0
725060,14756,2016,11,03,58.8,24,56.2,24,1014.6,17,1012.7,24,5.1,24,8.4,24,15.0,21.0,63.0,,51.1,,0.0,G,999.9,1,0,0,0,0,0
725060,14756,2016,04,16,44.3,24,33.2,24,1028.2,22,1026.7,24,10.0,24,22.9,24,28.9,38.1,46.9,*,42.8,*,0.0,G,999.9,0,0,0,0,0,0
725060,14756,2016,10,13,59.6,24,56.6,24,1020.1,22,1018.2,24,9.9,24,7.3,24,11.1,999.9,66.9,,42.1,,0.0,G,999.9,0,0,0,0,0,0
725060,14756,2016,08,19,74.4,24,65.7,24,1013.3,24,1011.6,24,10.0,24,8.2,24,14.0,999.9,81.0,,64.9,,0.0,G,999.9,0,0,0,0,0,0
725060,14756,2016,01,25,33.5,24,21.2,24,1021.4,24,1019.8,24,10.0,24,6.5,24,8.9,999.9,37.9,,30.0,,0.02,G,999.9,0,0,0,0,0,0
725060,14756,2016,03,18,47.0,24,37.0,24,1006.7,24,1005.1,24,9.9,24,12.3,24,20.0,29.9,54.0,,39.0,,0.0,G,999.9,0,0,0,0,0,0
725060,14756,2016,05,09,54.0,24,40.6,24,1013.2,24,1011.6,24,10.0,24,13.8,24,22.9,29.9,61.0,,45.0,,0.01,G,999.9,0,0,0,0,0,0
725060,14756,2016,03,20,37.2,24,22.6,24,1019.8,23,1018.1,24,10.0,24,11.3,24,19.0,22.9,43.0,,32.0,,0.0,G,999.9,0,0,0,0,0,0
725060,14756,2016,08,23,69.0,24,52.6,24,1023.1,24,1021.4,24,10.0,24,10.4,24,18.1,26.0,81.0,,64.0,,0.01,G,999.9,0,0,0,0,0,0
725060,14756,2016,03,07,36.8,24,26.1,24,1023.5,24,1021.9,24,9.9,24,9.0,24,18.1,999.9,46.0,,23.0,,0.0,G,999.9,0,0,0,0,0,0
725060,14756,2016,11,05,47.8,24,33.6,24,1020.6,24,1019.0,24,10.0,24,7.9,24,13.0,999.9,55.9,,36.0,,0.0,G,999.9,0,0,0,0,0,0
725060,14756,2016,05,11,55.6,24,42.2,24,1020.2,24,1018.6,24,10.0,24,7.6,24,12.0,999.9,66.0,,39.9,,0.0,G,999.9,0,0,0,0,0,0
725060,14756,2016,05,16,50.8,24,31.4,24,1012.1,24,1010.5,24,10.0,24,19.8,24,28.9,36.9,60.1,,46.0,,0.0,I,999.9,0,0,0,0,0,0
725060,14756,2016,08,03,67.4,24,60.0,24,1020.7,24,1019.1,24,10.0,24,7.7,24,14.0,999.9,73.9,,61.0,,0.0,I,999.9,0,0,0,0,0,0
725060,14756,2016,03,15,48.3,24,45.7,24,1010.6,20,1009.6,21,3.4,24,17.3,24,25.1,35.0,54.0,,41.0,,0.57,G,999.9,1,1,0,0,0,0
725060,14756,2016,09,27,65.4,23,59.8,23,1015.4,18,1013.4,23,7.1,23,11.0,23,17.1,24.1,66.9,*,60.1,*,0.01,G,999.9,0,1,0,0,0,0
725060,14756,2016,01,16,45.7,24,42.5,24,999.0,19,995.8,23,7.3,24,15.7,24,32.1,42.0,51.1,*,39.9,*,1.3,G,999.9,0,1,0,0,0,0
725060,14756,2016,07,10,63.0,24,60.1,23,1010.6,13,1008.7,24,6.8,24,7.7,24,11.1,999.9,70.0,,59.0,,0.1,G,999.9,1,1,0,0,0,0
725060,14756,2016,04,07,50.9,24,44.8,24,1013.6,20,1010.5,24,7.6,24,21.9,24,32.1,40.0,57.0,,32.0,,99.99,,999.9,0,1,0,0,0,0
725060,14756,2016,04,02,50.4,24,47.7,24,1000.0,14,999.1,24,5.0,24,8.5,24,18.1,25.1,59.0,,46.0,,0.79,G,999.9,1,1,0,0,0,0
725060,14756,2016,05,14,59.4,24,54.0,24,1006.2,17,1005.0,24,6.9,24,8.1,24,12.0,999.9,70.0,,45.0,,0.1,G,999.9,1,1,0,0,0,0
725060,14756,2016,11,19,50.1,24,47.2,24,1012.9,17,1011.2,24,6.6,24,12.3,24,17.1,25.1,54.0,,48.0,,0.0,G,999.9,0,1,0,0,0,0
725060,14756,2016,08,28,67.7,24,61.7,24,1024.1,19,1022.5,24,8.7,24,5.8,24,12.0,999.9,81.0,,57.9,,0.0,G,999.9,1,0,0,0,0,0
725060,14756,2016,06,23,63.0,24,59.4,24,1012.3,19,1010.8,24,8.3,24,7.0,24,11.1,999.9,71.1,,55.9,,0.0,G,999.9,1,0,0,0,0,0
725060,14756,2016,09,29,60.0,24,54.9,24,1027.1,21,1025.5,24,9.3,24,17.8,24,21.0,28.9,64.9,,57.9,,0.01,G,999.9,0,0,0,0,0,0
725060,14756,2016,06,22,65.6,24,60.2,24,1009.3,21,1007.6,24,7.2,24,7.9,24,15.9,21.0,71.1,,55.9,,0.09,G,999.9,0,0,0,0,0,0
725060,14756,2016,12,12,43.6,24,40.4,24,1015.5,11,1014.8,24,6.5,24,14.2,24,24.1,34.0,53.1,,25.0,,0.16,G,999.9,0,1,1,0,0,0
725060,14756,2016,06,06,62.9,24,61.1,24,1004.2,12,1002.7,24,3.9,24,12.3,24,22.0,32.1,69.1,,55.0,,1.79,G,999.9,1,1,0,0,0,0
725060,14756,2016,09,19,71.0,24,68.8,24,1018.7,16,1017.0,24,7.6,24,8.1,24,14.0,20.0,75.0,,68.0,,0.0,G,999.9,0,1,0,0,0,0
725060,14756,2016,08,12,74.3,24,72.2,24,1012.8,16,1011.8,24,4.5,24,12.3,24,18.1,24.1,79.0,,71.1,,0.0,G,999.9,1,0,0,0,0,0
725060,14756,2016,12,15,29.8,24,14.0,24,1008.6,20,1006.5,24,8.8,24,13.8,24,27.0,38.1,44.1,,19.9,,0.01,G,999.9,1,0,1,0,0,0
725060,14756,2016,07,14,69.1,24,65.9,24,1016.0,21,1014.2,24,9.3,24,10.9,24,18.1,22.0,75.0,,64.0,,0.0,G,999.9,0,1,0,0,0,0
725060,14756,2016,06,08,61.7,24,55.2,24,998.6,21,996.8,24,8.4,24,12.6,24,22.0,28.0,66.9,,57.9,,0.0,G,999.9,1,0,0,0,0,0
725060,14756,2016,08,14,75.3,24,73.3,24,1013.5,14,1011.8,24,4.6,24,9.9,24,15.0,19.0,80.1,*,69.8,*,0.01,G,999.9,1,1,0,0,0,0
725060,14756,2016,03,02,45.7,24,38.8,24,1008.2,15,1004.0,24,6.8,24,18.2,24,25.1,31.1,52.0,,37.0,,0.15,G,999.9,0,1,0,0,0,0
725060,14756,2016,12,27,49.8,24,46.9,24,1013.8,17,1011.7,24,4.4,24,17.5,24,25.1,35.0,53.1,*,44.1,*,0.0,G,999.9,1,1,0,0,0,0
725060,14756,2016,05,27,60.0,24,55.8,24,1020.0,20,1018.5,24,6.5,24,8.2,24,12.0,999.9,78.1,,55.9,,0.0,G,999.9,1,1,0,0,0,0
725060,14756,2016,08,26,73.4,24,70.0,24,1016.1,20,1014.4,24,9.7,24,10.1,24,12.0,999.9,79.0,,68.0,,0.0,G,999.9,0,0,0,0,0,0
725060,14756,2016,04,05,35.1,24,23.5,24,1019.3,21,1017.3,24,9.8,24,19.5,24,28.0,34.0,45.0,,30.9,,0.0,G,999.9,0,1,1,0,0,0
725060,14756,2016,06,24,65.3,24,56.6,24,1015.9,23,1014.1,24,8.8,24,7.8,24,15.0,999.9,75.0,,57.0,,0.0,G,999.9,0,0,0,0,0,0
725060,14756,2016,07,22,72.4,24,68.4,24,1014.3,23,1012.7,24,9.0,24,13.5,24,18.1,24.1,80.1,,61.0,,0.0,G,999.9,0,0,0,0,0,0
725060,14756,2016,02,27,30.7,24,11.4,24,1016.4,23,1014.7,24,10.0,24,11.6,24,21.0,27.0,42.1,,25.0,,0.0,G,999.9,0,0,0,0,0,0
725060,14756,2016,10,12,52.8,24,46.7,24,1028.3,24,1026.7,24,10.0,24,5.2,24,8.9,999.9,63.0,,42.1,,0.0,G,999.9,0,0,0,0,0,0
725060,14756,2016,07,03,67.2,24,58.0,24,1017.1,24,1015.5,24,10.0,24,9.6,24,14.0,999.9,75.9,,55.9,,0.0,G,999.9,0,0,0,0,0,0
725060,14756,2016,11,25,48.6,24,43.1,24,1023.9,24,1022.3,24,10.0,24,6.9,24,12.0,999.9,51.1,,34.0,,0.0,G,999.9,0,0,0,0,0,0
725060,14756,2016,02,23,36.5,24,26.3,24,1028.2,24,1026.6,24,10.0,24,9.9,24,15.9,22.9,45.0,,28.9,,0.04,G,999.9,0,0,0,0,0,0
725060,14756,2016,12,20,34.8,24,25.3,24,1033.2,24,1031.6,24,10.0,24,7.0,24,13.0,999.9,41.0,,30.0,,0.0,G,999.9,0,0,0,0,0,0
725060,14756,2016,03,29,48.6,24,34.9,24,1003.4,22,1000.6,24,9.7,24,19.6,24,25.1,35.0,55.0,,41.0,,0.44,G,999.9,1,0,0,0,0,0
725060,14756,2016,01,26,42.2,24,36.4,24,1021.5,22,1019.5,24,9.1,24,11.1,24,17.1,999.9,48.2,*,28.9,*,0.0,G,999.9,0,0,0,0,0,0
725060,14756,2016,07,21,70.4,24,63.4,24,1020.2,24,1018.5,24,10.0,24,7.4,24,12.0,999.9,80.1,,60.1,,0.0,G,999.9,0,0,0,0,0,0
725060,14756,2016,03,06,33.2,24,18.7,24,1024.3,24,1022.6,24,10.0,24,3.1,24,8.0,999.9,41.0,,23.0,,0.0,G,999.9,0,0,0,0,0,0
725060,14756,2016,06,13,61.5,24,47.2,24,1004.4,24,1002.8,24,10.0,24,13.3,24,22.0,28.0,81.0,,54.0,,0.0,G,999.9,0,0,0,0,0,0
725060,14756,2016,12,10,28.2,24,9.9,24,1023.9,24,1022.3,24,10.0,24,12.8,24,18.1,22.0,39.9,,24.1,,0.0,G,999.9,0,0,0,0,0,0
725060,14756,2016,01,04,38.2,24,27.4,24,1011.5,24,1009.8,24,10.0,24,13.5,24,24.1,31.1,52.0,,34.0,,0.0,G,999.9,0,0,0,0,0,0
725060,14756,2016,01,22,28.0,24,11.8,24,1020.4,24,1018.8,24,10.0,24,13.1,24,22.0,29.9,35.1,,21.9,,0.0,G,999.9,0,0,0,0,0,0
725060,14756,2016,02,19,34.7,24,21.7,24,1031.3,24,1029.7,24,10.0,24,10.7,24,18.1,24.1,39.9,,32.0,,0.0,G,999.9,0,0,0,0,0,0
725060,14756,2016,12,28,39.1,24,26.8,24,1014.2,24,1012.6,24,10.0,24,9.8,24,17.1,22.0,53.1,,34.0,,0.06,G,999.9,0,0,0,0,0,0
725060,14756,2016,09,15,64.5,24,53.4,24,1022.0,24,1020.0,24,10.0,24,14.4,24,22.9,29.9,73.9,,53.1,,0.0,G,999.9,0,0,0,0,0,0
725060,14756,2016,06,10,59.2,24,45.1,24,1011.3,24,1009.7,24,10.0,24,10.6,24,17.1,22.9,68.0,,53.1,,0.0,G,999.9,0,0,0,0,0,0
725060,14756,2016,03,25,50.8,24,48.5,24,1011.0,8,1009.8,24,2.7,24,10.8,24,19.0,25.1,55.9,,42.1,,0.0,G,999.9,1,1,0,0,1,0
725060,14756,2016,02,04,51.6,24,49.4,24,1015.2,13,1013.2,24,3.1,24,13.0,24,21.0,28.0,54.0,,35.1,,0.75,G,999.9,1,1,0,0,0,0
725060,14756,2016,08,13,75.9,24,73.3,24,1012.7,14,1011.1,24,5.4,24,9.2,24,14.0,999.9,82.9,,71.1,,0.0,G,999.9,1,0,0,0,0,0
725060,14756,2016,02,17,41.5,24,35.8,24,1011.9,15,1007.1,24,6.2,24,12.0,24,17.1,22.0,50.0,,35.1,,1.02,G,999.9,1,1,0,0,0,0
725060,14756,2016,10,29,51.0,24,44.8,24,1015.3,15,1014.8,24,8.8,24,15.8,24,26.0,38.1,59.0,,46.0,,0.01,G,999.9,0,1,0,0,0,0
725060,14756,2016,10,02,61.3,24,59.2,24,1017.8,16,1016.3,24,4.4,24,9.0,24,12.0,999.9,64.9,,59.0,,1.22,G,999.9,1,0,0,0,0,0
725060,14756,2016,09,07,70.3,24,66.8,24,1016.3,18,1014.6,24,8.4,24,13.1,24,18.1,26.0,77.0,,64.9,,0.01,G,999.9,0,0,0,0,0,0
725060,14756,2016,05,29,64.6,24,58.2,24,1021.1,23,1019.5,24,10.0,24,7.7,24,13.0,999.9,75.0,,59.0,,0.0,G,999.9,0,0,0,0,0,0
725060,14756,2016,10,16,55.2,24,47.6,24,1023.1,23,1021.5,24,10.0,24,9.3,24,19.0,999.9,66.0,,39.9,,0.0,G,999.9,0,0,0,0,0,0
725060,14756,2016,01,29,41.3,24,36.8,24,999.4,23,997.6,24,10.0,24,5.9,24,9.9,999.9,45.0,,23.0,,0.0,G,999.9,0,0,0,0,0,0
725060,14756,2016,11,08,47.2,24,38.2,24,1020.5,24,1018.8,24,10.0,24,7.1,24,11.1,999.9,57.0,,39.0,,0.0,G,999.9,0,0,0,0,0,0
725060,14756,2016,05,28,62.5,24,57.3,24,1020.2,24,1018.6,24,9.2,24,11.6,24,17.1,24.1,68.0,,55.9,,0.0,G,999.9,0,1,0,0,0,0
725060,14756,2016,12,22,38.9,24,32.3,24,1017.7,24,1016.1,24,10.0,24,6.5,24,15.0,999.9,46.0,,27.0,,0.0,G,999.9,0,0,0,0,0,0
725060,14756,2016,02,02,43.2,24,32.2,24,1021.5,24,1019.9,24,10.0,24,6.5,24,14.0,999.9,52.0,,34.0,,0.07,G,999.9,0,1,0,0,0,0
725060,14756,2016,05,23,59.4,24,50.3,24,1011.9,24,1010.3,24,10.0,24,9.6,24,15.9,999.9,72.0,,52.0,,0.03,G,999.9,0,0,0,0,0,0
725060,14756,2016,08,20,69.1,24,62.1,24,1015.2,24,1013.6,24,10.0,24,8.5,24,13.0,999.9,81.0,,63.0,,0.0,G,999.9,0,0,0,0,0,0
725060,14756,2016,01,28,35.0,24,24.4,24,1016.1,24,1014.4,24,10.0,24,4.3,24,8.9,999.9,46.0,,23.0,,0.09,G,999.9,0,0,0,0,0,0
725060,14756,2016,02,07,38.7,24,30.1,24,1022.3,24,1020.7,24,10.0,24,6.7,24,12.0,999.9,44.1,,28.0,,0.0,G,999.9,0,0,0,0,0,0
725060,14756,2016,10,22,61.3,24,58.9,24,993.1,10,990.9,24,3.5,24,12.2,24,27.0,36.9,70.0,,50.0,,0.01,G,999.9,1,0,0,0,0,0
725060,14756,2016,05,30,62.4,24,60.5,24,1017.0,12,1015.8,24,2.0,24,9.0,24,17.1,22.0,75.0,,59.0,,0.01,G,999.9,1,1,0,0,0,0
725060,14756,2016,03,17,45.4,24,42.5,24,1008.2,13,1007.5,24,5.9,24,8.5,24,15.0,999.9,48.9,*,42.8,*,0.01,G,999.9,0,1,0,0,0,0
725060,14756,2016,01,10,51.3,24,49.0,24,1012.0,15,1009.8,24,4.9,24,16.2,24,34.0,41.0,57.9,,44.1,,0.0,G,999.9,1,1,0,0,0,0
725060,14756,2016,07,18,71.1,24,69.0,24,1018.1,16,1017.2,24,4.1,24,10.1,24,15.9,24.1,75.9,,66.0,,0.0,G,999.9,1,1,0,0,0,0
725060,14756,2016,12,01,53.4,24,49.7,24,1003.2,17,1000.9,24,6.6,24,15.6,24,22.0,29.9,57.0,,48.9,,0.1,G,999.9,1,1,0,0,0,0
725060,14756,2016,03,04,33.9,24,26.2,24,1021.7,18,1018.9,24,6.9,24,8.5,24,24.1,33.0,39.0,,25.0,,0.0,G,999.9,0,1,1,0,0,0
725060,14756,2016,02,11,31.5,24,21.3,24,1005.7,22,1003.8,24,9.5,24,11.2,24,21.0,31.1,37.9,,23.0,,0.01,G,999.9,0,0,1,0,0,0
725060,14756,2016,09,16,57.7,24,47.7,24,1026.5,24,1024.8,24,10.0,24,6.4,24,9.9,15.0,66.9,,48.0,,0.0,G,999.9,0,0,0,0,0,0
725060,14756,2016,09,04,65.3,24,57.4,24,1022.0,24,1020.4,24,10.0,24,12.7,24,21.0,28.9,73.0,,55.9,,0.0,G,999.9,0,0,0,0,0,0
725060,14756,2016,05,19,53.9,24,44.5,24,1019.1,24,1017.5,24,10.0,24,6.7,24,12.0,15.0,63.0,,45.0,,0.05,G,999.9,0,1,0,0,0,0
725060,14756,2016,04,09,41.8,24,25.1,24,1007.5,24,1005.9,24,10.0,24,9.7,24,14.0,21.0,53.1,,35.1,,0.0,G,999.9,0,0,0,0,0,0
725060,14756,2016,06,17,63.0,24,51.5,24,1012.4,24,1010.8,24,10.0,24,7.4,24,12.0,999.9,73.0,,55.9,,0.0,G,999.9,0,0,0,0,0,0
725060,14756,2016,04,14,44.0,24,32.4,24,1026.1,23,1024.5,24,10.0,24,15.8,24,26.0,33.0,52.0,,35.1,,0.0,G,999.9,0,0,0,0,0,0
725060,14756,2016,07,16,73.5,24,67.3,24,1015.4,23,1013.3,24,7.0,24,6.4,24,9.9,999.9,84.9,,66.9,,0.0,G,999.9,0,0,0,0,0,0
725060,14756,2016,04,10,40.6,24,23.9,24,1019.2,23,1017.3,24,10.0,24,15.7,24,22.0,28.9,48.0,,35.1,,0.0,G,999.9,0,0,0,0,0,0
725060,14756,2016,04,17,45.8,24,36.5,24,1027.9,23,1026.3,24,10.0,24,15.4,24,22.9,29.9,52.0,,42.1,,0.0,G,999.9,0,0,0,0,0,0
725060,14756,2016,06,25,62.1,24,52.1,24,1021.7,24,1020.1,24,10.0,24,8.0,24,12.0,18.1,75.0,,53.1,,0.0,G,999.9,0,0,0,0,0,0
725060,14756,2016,11,01,46.2,24,37.1,24,1027.3,24,1025.7,24,10.0,24,4.4,24,8.0,999.9,53.1,,34.0,,0.01,G,999.9,0,0,0,0,0,0
725060,14756,2016,07,27,75.4,24,66.3,24,1012.4,24,1010.8,24,10.0,24,7.0,24,9.9,999.9,82.0,,70.0,,0.0,G,999.9,0,0,0,0,0,0
725060,14756,2016,12,25,40.4,24,30.7,24,1026.1,24,1024.5,24,10.0,24,12.5,24,21.0,28.0,48.9,,35.1,,0.25,G,999.9,0,0,0,0,0,0
725060,14756,2016,08,15,77.5,24,69.4,24,1017.9,24,1016.3,24,8.8,24,8.5,24,14.0,19.0,84.0,,70.0,,0.0,I,999.9,0,0,0,0,0,0
725060,14756,2016,03,28,45.1,24,41.4,24,1008.2,14,1012.6,19,5.9,24,11.8,24,18.1,26.0,55.0,,37.0,,0.02,G,999.9,1,1,0,0,0,0
725060,14756,2016,05,05,45.5,21,43.9,21,1003.7,17,1002.3,21,5.9,21,21.5,21,26.0,35.0,50.0,,45.0,,0.52,G,999.9,0,1,0,0,0,0
725060,14756,2016,01,05,27.7,23,18.1,23,1028.5,18,1026.1,23,7.9,23,20.3,23,28.9,39.0,43.0,,24.1,,0.0,G,999.9,0,0,1,0,0,0
725060,14756,2016,06,04,60.2,24,58.0,24,1015.6,10,1014.1,23,4.2,24,5.3,24,9.9,999.9,73.9,,54.0,,0.0,G,999.9,1,0,0,0,0,0
725060,14756,2016,02,25,51.0,24,47.1,24,995.4,13,996.6,23,4.2,24,20.9,24,29.9,38.1,57.2,*,45.0,*,0.18,G,999.9,1,1,0,0,1,0
725060,14756,2016,01,24,34.5,24,27.9,22,1005.7,17,1002.2,24,6.3,24,25.6,24,36.9,49.0,37.9,,33.1,,0.37,G,999.9,0,0,1,0,0,0
725060,14756,2016,08,02,66.9,24,61.9,24,1018.6,23,1017.0,24,9.7,24,8.4,24,14.0,999.9,75.0,,61.0,,0.11,B,999.9,0,1,0,0,0,0
725060,14756,2016,11,30,52.9,24,51.3,24,1013.1,4,1011.7,24,4.1,24,12.6,24,22.9,33.0,57.2,*,48.2,*,1.05,G,999.9,1,1,0,0,0,0
725060,14756,2016,09,20,71.1,24,69.3,24,1019.3,13,1017.7,24,8.7,24,5.6,24,11.1,999.9,75.0,,66.0,,0.22,G,999.9,0,1,0,0,0,0
725060,14756,2016,02,09,33.1,24,27.8,24,1003.6,14,1001.7,24,8.1,24,11.5,24,21.0,28.0,42.1,,30.9,,0.06,G,999.9,0,0,1,0,0,0
725060,14756,2016,10,04,60.5,24,54.2,24,1023.5,17,1021.8,24,9.7,24,12.4,24,20.0,27.0,66.0,,55.9,,0.01,G,999.9,0,0,0,0,0,0
725060,14756,2016,03,24,45.1,24,38.1,24,1020.2,18,1018.2,24,9.6,24,11.3,24,15.9,24.1,54.0,,42.1,,0.0,G,999.9,0,0,0,0,0,0
725060,14756,2016,06,29,67.2,24,64.8,24,1012.9,13,1011.3,24,7.2,24,7.5,24,12.0,999.9,72.0,,64.0,,0.0,G,999.9,1,0,0,0,0,0
725060,14756,2016,07,07,68.7,24,66.7,24,1010.4,14,1008.4,24,4.1,24,5.9,24,8.9,999.9,81.0,,64.0,,0.0,G,999.9,1,0,0,0,0,0
725060,14756,2016,03,26,44.8,24,37.6,24,1022.2,17,1020.2,24,9.3,24,15.1,24,21.0,28.9,55.9,,36.0,,0.9,G,999.9,1,1,0,0,0,0
725060,14756,2016,08,07,74.2,24,65.0,24,1009.0,19,1006.7,24,8.1,24,9.9,24,13.0,999.9,82.0,,66.9,,0.0,G,999.9,1,0,0,0,0,0
725060,14756,2016,07,23,74.3,24,68.6,24,1008.6,20,1007.1,24,7.3,24,12.0,24,21.0,29.9,82.0,,68.0,,1.03,G,999.9,0,1,0,0,0,0
725060,14756,2016,06,02,55.7,24,53.5,24,1021.8,20,1020.1,24,6.8,24,9.3,24,13.0,15.0,73.0,,52.0,,0.01,G,999.9,1,0,0,0,0,0
725060,14756,2016,06,28,66.1,24,64.0,24,1017.2,16,1015.3,24,7.5,24,8.1,24,11.1,999.9,71.1,,60.1,,0.0,G,999.9,1,0,0,0,0,0
725060,14756,2016,05,03,48.2,24,45.0,24,1011.7,17,1010.4,24,8.2,24,9.0,24,14.0,999.9,54.0,*,46.4,*,0.04,G,999.9,0,1,0,0,0,0
725060,14756,2016,07,17,70.6,24,68.7,24,1019.1,18,1017.5,24,4.1,24,6.6,24,11.1,999.9,84.9,,66.9,,0.0,G,999.9,1,0,0,0,0,0
725060,14756,2016,12,05,37.9,24,30.9,24,1018.6,19,1016.0,24,9.5,24,6.6,24,15.0,18.1,46.9,,26.1,,0.0,G,999.9,0,1,0,0,0,0
725060,14756,2016,09,24,60.7,24,49.5,24,1017.5,20,1015.7,24,10.0,24,12.7,24,18.1,24.1,75.9,,50.0,,0.07,G,999.9,0,1,0,0,0,0
725060,14756,2016,10,06,57.3,24,50.9,24,1025.6,22,1024.0,24,10.0,24,5.8,24,8.9,999.9,66.0,,48.9,,0.0,G,999.9,0,0,0,0,0,0
725060,14756,2016,07,19,73.8,24,65.7,24,1015.8,22,1014.1,24,8.3,24,10.1,24,15.0,25.1,81.0,,66.9,,0.0,G,999.9,0,0,0,0,0,0
725060,14756,2016,09,02,69.2,24,63.2,24,1015.1,22,1013.2,24,9.4,24,9.9,24,18.1,21.0,77.0,,62.1,,0.05,G,999.9,0,0,0,0,0,0
725060,14756,2016,02,01,47.6,24,43.1,24,1009.6,23,1008.1,24,6.9,24,11.8,24,15.9,22.0,52.0,,43.0,,0.0,G,999.9,0,1,0,0,0,0
725060,14756,2016,08,08,71.3,24,61.3,24,1015.4,24,1013.8,24,10.0,24,6.3,24,9.9,999.9,82.0,,62.1,,0.0,G,999.9,0,0,0,0,0,0
725060,14756,2016,02,12,19.3,24,4.2,24,1019.2,24,1017.6,24,10.0,24,14.0,24,24.1,35.9,36.0,,15.1,,0.0,G,999.9,0,0,0,0,0,0
725060,14756,2016,01,15,36.5,24,25.6,24,1014.8,24,1013.1,24,10.0,24,7.2,24,13.0,999.9,45.0,,24.1,,0.0,G,999.9,0,0,0,0,0,0
725060,14756,2016,06,20,61.4,24,55.9,24,1022.8,24,1021.2,24,10.0,24,8.6,24,12.0,999.9,66.9,,54.0,,0.0,G,999.9,0,0,0,0,0,0
725060,14756,2016,05,17,55.0,24,44.5,24,1019.8,24,1018.1,24,10.0,24,11.9,24,18.1,24.1,63.0,,46.0,,0.0,G,999.9,0,0,0,0,0,0
725060,14756,2016,04,13,46.7,24,34.2,24,1025.8,23,1024.0,24,9.8,24,12.9,24,18.1,27.0,57.9,,37.9,,0.13,G,999.9,0,1,0,0,0,0
725060,14756,2016,05,20,56.4,24,47.9,24,1021.7,24,1020.1,24,10.0,24,6.6,24,12.0,999.9,70.0,,46.0,,0.0,G,999.9,0,0,0,0,0,0
725060,14756,2016,08,31,70.4,24,65.7,24,1016.0,24,1014.3,24,10.0,24,9.1,24,12.0,999.9,75.9,,59.0,,0.0,G,999.9,0,0,0,0,0,0
725060,14756,2016,11,14,54.4,24,44.6,24,1015.9,24,1014.2,24,9.6,24,10.8,24,15.0,999.9,62.1,,46.9,,0.0,G,999.9,0,0,0,0,0,0
725060,14756,2016,01,12,33.0,24,19.1,24,1015.4,24,1013.8,24,10.0,24,7.9,24,14.0,999.9,50.0,,19.9,,0.0,G,999.9,0,0,0,0,0,0
725060,14756,2016,12,03,43.8,24,28.3,24,1009.8,24,1008.1,24,10.0,24,15.1,24,19.0,28.0,50.0,,39.9,,0.0,G,999.9,0,0,0,0,0,0
725060,14756,2016,04,23,53.4,24,49.8,24,1009.0,15,1007.2,24,5.6,24,9.3,24,19.0,26.0,72.0,,50.0,,0.13,G,999.9,1,1,0,0,0,0
725060,14756,2016,07,31,67.5,24,64.8,24,1018.4,15,1017.0,24,6.7,24,6.8,24,11.1,999.9,72.0,*,64.4,*,0.0,G,999.9,1,0,0,0,0,0
725060,14756,2016,04,03,41.7,24,32.9,24,1000.2,15,995.0,24,8.3,24,17.5,24,35.9,51.1,53.1,,33.1,,1.12,G,999.9,0,1,1,0,0,0
725060,14756,2016,09,05,64.0,24,59.8,24,1017.8,16,1015.2,24,7.0,24,23.8,24,34.0,49.0,73.0,,59.0,,0.0,G,999.9,0,1,0,0,0,0
725060,14756,2016,10,21,64.6,24,62.1,24,1010.7,17,1009.2,24,6.0,24,12.9,24,18.1,24.1,70.0,,52.0,,0.01,G,999.9,1,1,0,0,0,0
725060,14756,2016,12,08,42.7,24,35.1,24,1012.7,20,1011.3,24,9.8,24,6.4,24,15.0,22.9,46.9,,37.0,,0.02,G,999.9,0,0,0,0,0,0
725060,14756,2016,03,16,45.2,24,41.9,24,1007.8,21,1006.0,24,7.7,24,15.7,24,24.1,29.9,51.1,,43.0,,0.18,G,999.9,1,0,0,0,0,0
725060,14756,2016,02,18,36.0,24,23.1,24,1023.3,24,1021.7,24,10.0,24,12.5,24,18.1,25.1,44.1,,32.0,,0.0,G,999.9,0,0,0,0,0,0
725060,14756,2016,11,04,53.6,24,44.3,24,1015.1,24,1013.4,24,10.0,24,12.1,24,17.1,22.9,63.0,,48.9,,0.0,G,999.9,0,0,0,0,0,0
725060,14756,2016,07,04,68.4,24,62.6,24,1017.2,24,1015.6,24,9.9,24,11.7,24,15.0,999.9,75.9,,55.9,,0.0,G,999.9,0,0,0,0,0,0
725060,14756,2016,12,06,41.7,24,31.3,24,1017.0,24,1015.4,24,10.0,24,11.9,24,20.0,28.9,46.9,,30.9,,0.02,G,999.9,0,0,0,0,0,0
725060,14756,2016,06,18,62.6,24,53.5,24,1021.7,24,1020.1,24,10.0,24,7.3,24,11.1,999.9,73.0,,53.1,,0.0,G,999.9,0,0,0,0,0,0
725060,14756,2016,03,19,40.0,24,21.4,24,1016.0,24,1014.4,24,10.0,24,10.0,24,15.0,20.0,54.0,,35.1,,0.0,G,999.9,0,0,0,0,0,0
725060,14756,2016,10,07,55.6,24,49.7,24,1025.3,16,1023.9,24,6.9,24,2.7,24,8.0,999.9,70.0,,44.1,,0.0,G,999.9,1,0,0,0,0,0
725060,14756,2016,08,11,73.6,24,71.8,24,1018.5,17,1016.9,24,4.7,24,11.1,24,15.9,999.9,79.0,,66.9,,0.05,G,999.9,1,1,0,0,0,0
725060,14756,2016,03,05,34.8,24,22.6,24,1017.4,19,1014.8,24,9.1,24,20.8,24,32.1,42.0,39.0,,30.0,,0.37,G,999.9,0,1,1,0,0,0
725060,14756,2016,04,12,52.5,24,48.6,24,1018.9,19,1017.1,24,6.4,24,13.6,24,18.1,999.9,57.9,,44.1,,0.0,G,999.9,0,1,0,0,0,0
725060,14756,2016,09,17,62.6,24,57.6,24,1024.5,22,1022.8,24,9.7,24,6.0,24,12.0,999.9,73.0,,48.0,,0.0,G,999.9,0,0,0,0,0,0
725060,14756,2016,08,16,73.1,24,69.0,24,1022.3,22,1020.7,24,10.0,24,7.9,24,12.0,999.9,84.0,,66.9,,0.0,G,999.9,0,0,0,0,0,0
725060,14756,2016,11,02,55.9,24,49.9,24,1024.1,22,1022.5,24,10.0,24,9.9,24,15.9,999.9,63.0,,34.0,,0.0,G,999.9,0,0,0,0,0,0
725060,14756,2016,10,14,55.9,24,45.7,24,1022.4,23,1020.8,24,10.0,24,14.2,24,21.0,27.0,66.9,,48.0,,0.0,G,999.9,0,0,0,0,0,0
725060,14756,2016,01,17,40.2,24,32.3,24,1007.3,23,1005.6,24,9.2,24,7.7,24,12.0,18.1,51.1,,36.0,,0.77,G,999.9,0,1,0,0,0,0
725060,14756,2016,06,09,59.9,24,46.7,24,1003.8,24,1002.0,24,10.0,24,16.7,24,22.0,32.1,68.0,,54.0,,0.01,G,999.9,0,1,0,0,0,0
725060,14756,2016,01,30,37.8,24,27.3,24,1011.0,24,1009.4,24,10.0,24,11.6,24,15.0,22.9,45.0,,34.0,,0.0,G,999.9,0,0,0,0,0,0
725060,14756,2016,03,08,44.4,24,36.5,24,1019.8,24,1018.2,24,8.8,24,8.5,24,13.0,999.9,51.1,,26.1,,0.0,G,999.9,0,0,0,0,0,0
725060,14756,2016,12,09,36.6,24,19.2,24,1013.3,24,1011.7,24,10.0,24,15.4,24,20.0,28.9,46.9,,34.0,,0.0,G,999.9,0,0,0,0,0,0
725060,14756,2016,04,18,49.5,24,35.9,24,1022.5,24,1020.9,24,10.0,24,6.0,24,12.0,999.9,64.0,,37.0,,0.0,G,999.9,0,1,0,0,0,0
725060,14756,2016,05,10,51.9,24,38.2,24,1020.6,24,1019.0,24,10.0,24,9.0,24,17.1,999.9,61.0,,39.9,,0.0,G,999.9,0,0,0,0,0,0
725060,14756,2016,07,25,71.5,24,68.8,24,1014.0,24,1012.4,24,9.9,24,8.7,24,14.0,999.9,80.1,,64.9,,0.0,G,999.9,0,0,0,0,0,0
725060,14756,2016,10,15,50.5,24,38.8,24,1029.1,24,1027.4,24,10.0,24,6.2,24,9.9,999.9,60.1,,41.0,,0.0,G,999.9,0,0,0,0,0,0
725060,14756,2016,09,22,67.2,24,57.8,24,1020.9,24,1019.3,24,10.0,24,3.7,24,7.0,999.9,79.0,,57.9,,0.0,G,999.9,0,0,0,0,0,0
725060,14756,2016,07,20,68.3,24,55.6,24,1020.9,23,1019.3,24,10.0,24,6.9,24,13.0,999.9,81.0,,60.1,,0.0,G,999.9,0,0,0,0,0,0
725060,14756,2016,06,14,62.2,24,50.0,24,1008.3,24,1006.7,24,10.0,24,12.9,24,18.1,26.0,72.0,,54.0,,0.0,G,999.9,0,0,0,0,0,0
725060,14756,2016,12,04,38.2,24,24.3,24,1019.2,24,1017.6,24,10.0,24,14.6,24,22.9,33.0,48.0,,34.0,,0.0,G,999.9,0,0,0,0,0,0
725060,14756,2016,02,03,42.6,24,37.8,24,1025.6,24,1024.0,24,9.5,24,11.9,24,21.0,999.9,51.1,,30.9,,0.0,G,999.9,0,0,0,0,0,0
725060,14756,2016,04,15,46.4,24,28.4,24,1027.7,24,1026.0,24,10.0,24,17.6,24,26.0,35.0,53.1,,39.9,,0.0,G,999.9,0,0,0,0,0,0
725060,14756,2016,12,31,35.8,24,21.1,24,1016.6,24,1014.9,24,10.0,24,14.1,24,22.9,35.0,44.1,,30.0,,0.0,G,999.9,0,0,0,0,0,0
725060,14756,2016,07,24,73.2,24,63.2,24,1012.8,23,1011.0,24,10.0,24,8.7,24,21.0,25.1,82.0,,64.9,,0.0,I,999.9,0,0,0,0,0,0
725060,14756,2016,01,02,37.7,24,22.9,24,1014.3,16,1012.5,17,10.0,24,12.5,24,19.0,25.1,44.1,,34.0,,0.03,G,999.9,0,0,0,0,0,0
725060,14756,2016,05,07,52.5,23,48.8,23,1008.9,11,1007.6,23,5.1,23,8.1,23,14.0,21.0,66.0,,44.1,,0.0,G,999.9,1,1,0,0,0,0
725060,14756,2016,09,10,71.9,24,67.0,24,1016.5,20,1015.0,24,6.7,24,7.0,24,14.0,999.9,79.0,,68.0,,0.0,C,999.9,1,0,0,0,0,0
725060,14756,2016,07,05,67.1,24,65.3,24,1009.7,13,1008.5,24,6.2,24,9.2,24,15.0,999.9,75.9,,64.0,,0.62,G,999.9,1,1,0,0,0,0
725060,14756,2016,12,07,42.8,24,37.1,24,1013.5,14,1012.1,24,8.8,24,7.6,24,11.1,19.0,46.0,,39.0,,0.14,G,999.9,0,1,0,0,0,0
725060,14756,2016,05,22,56.3,24,52.2,24,1009.8,19,1007.8,24,9.0,24,14.2,24,21.0,28.9,62.1,,46.9,,0.07,G,999.9,0,1,0,0,0,0
725060,14756,2016,12,30,40.4,24,29.9,24,999.5,19,995.9,24,9.5,24,18.2,24,28.0,39.0,50.0,,24.1,,0.63,G,999.9,0,0,0,0,0,0
725060,14756,2016,11,16,54.4,24,49.5,24,1006.4,15,1004.7,24,8.0,24,12.8,24,25.1,32.1,59.0,,51.1,,0.5,G,999.9,0,1,0,0,0,0
725060,14756,2016,07,29,70.8,24,68.3,24,1011.1,15,1009.4,24,6.0,24,5.8,24,14.0,999.9,78.1,,66.9,,0.0,G,999.9,1,1,0,0,1,0
725060,14756,2016,06,21,63.6,24,59.9,24,1010.5,19,1008.6,24,7.4,24,12.2,24,17.1,27.0,69.1,,57.0,,0.13,G,999.9,0,1,0,0,0,0
725060,14756,2016,04,04,36.5,24,22.1,24,1015.4,21,1013.3,24,8.2,24,10.3,24,20.0,29.9,46.9,,30.9,,0.07,G,999.9,0,1,1,0,0,0
725060,14756,2016,09,06,69.9,24,65.8,24,1014.3,21,1012.4,24,7.9,24,15.2,24,22.0,31.1,75.9,,62.1,,1.25,G,999.9,0,1,0,0,0,0
725060,14756,2016,10,31,48.3,24,41.9,24,1018.8,13,1014.6,24,8.2,24,12.5,24,19.0,26.0,52.0,*,42.1,*,0.49,G,999.9,0,1,0,0,0,0
725060,14756,2016,02,16,44.5,24,41.7,24,1018.9,15,1017.0,24,4.8,24,18.5,24,26.0,38.1,50.0,*,36.0,*,0.02,G,999.9,1,1,0,0,0,0
725060,14756,2016,10,09,62.2,24,59.7,24,1013.8,18,1011.6,24,6.4,24,13.8,24,36.9,48.0,69.1,,46.9,,0.0,G,999.9,0,1,0,0,0,0
725060,14756,2016,04,26,46.8,24,42.8,24,1010.4,18,1007.5,24,9.0,24,9.4,24,18.1,25.1,55.0,,39.9,,0.07,G,999.9,0,1,0,0,0,0
725060,14756,2016,10,10,54.1,24,43.8,24,1016.8,19,1013.3,24,8.0,24,24.8,24,36.9,49.0,57.0,*,51.8,*,3.76,G,999.9,0,1,0,0,0,0
725060,14756,2016,11,27,43.4,24,34.6,24,1014.3,19,1012.3,24,10.0,24,13.2,24,18.1,24.1,48.9,,39.9,,0.05,G,999.9,0,0,0,0,0,0
725060,14756,2016,02,15,18.6,24,7.0,24,1034.4,22,1032.4,24,9.3,24,6.0,24,18.1,999.9,35.6,*,8.1,*,0.0,G,999.9,0,0,1,0,0,0
725060,14756,2016,02,20,42.8,24,36.4,24,1018.4,23,1017.2,24,8.8,24,12.5,24,15.9,21.0,48.9,,32.0,,0.03,G,999.9,0,1,0,0,0,0
725060,14756,2016,04,21,49.6,24,39.0,24,1020.5,24,1018.9,24,10.0,24,13.4,24,20.0,27.0,59.0,,39.0,,0.0,G,999.9,0,0,0,0,0,0
725060,14756,2016,07,12,66.7,24,61.2,24,1019.1,24,1017.5,24,10.0,24,7.3,24,13.0,999.9,78.1,,55.0,,0.0,G,999.9,0,0,0,0,0,0
725060,14756,2016,08,25,71.7,24,66.5,24,1020.5,24,1018.9,24,10.0,24,10.4,24,14.0,999.9,77.0,,63.0,,0.0,G,999.9,0,0,0,0,0,0
725060,14756,2016,04,20,47.3,24,33.8,24,1020.5,24,1018.9,24,10.0,24,11.7,24,24.1,28.0,55.0,,37.9,,0.01,G,999.9,0,0,0,0,0,0
725060,14756,2016,03,22,40.8,24,23.9,24,1015.9,24,1014.2,24,10.0,24,16.0,24,22.0,28.0,45.0,,35.1,,0.01,G,999.9,0,0,0,0,0,0
725060,14756,2016,03,12,41.2,24,35.4,24,1024.0,22,1022.5,24,8.8,24,6.6,24,14.0,999.9,55.0,,30.9,,0.02,G,999.9,0,1,1,0,0,0
725060,14756,2016,05,12,55.2,24,45.5,24,1020.0,23,1018.4,24,9.4,24,4.4,24,8.9,999.9,68.0,,42.1,,0.0,G,999.9,0,0,0,0,0,0
725060,14756,2016,11,09,51.6,24,46.1,24,1009.9,23,1008.3,24,8.8,24,4.6,24,8.9,999.9,61.0,,39.0,,0.0,G,999.9,1,0,0,0,0,0
725060,14756,2016,02,29,47.8,24,40.9,24,1006.4,24,1004.7,24,7.2,24,17.0,24,21.0,27.0,54.0,,39.9,,0.0,G,999.9,0,0,0,0,0,0
725060,14756,2016,08,04,64.2,24,57.8,24,1021.4,24,1019.8,24,10.0,24,4.6,24,9.9,999.9,73.9,,55.9,,0.0,G,999.9,0,0,0,0,0,0
725060,14756,2016,01,21,30.9,24,10.8,24,1015.8,24,1014.1,24,10.0,24,14.5,24,20.0,27.0,37.0,,25.0,,0.0,G,999.9,0,0,0,0,0,0
725060,14756,2016,01,19,25.5,24,4.8,24,1007.1,24,1005.5,24,10.0,24,21.7,24,27.0,38.1,37.9,,21.9,,0.02,G,999.9,0,0,0,0,0,0
725060,14756,2016,11,11,54.9,24,41.0,24,1003.5,24,1001.9,24,10.0,24,16.0,24,24.1,34.0,63.0,,46.9,,0.0,G,999.9,0,0,0,0,0,0
725060,14756,2016,03,10,49.6,24,43.8,24,1014.8,24,1013.2,24,7.6,24,10.9,24,15.9,999.9,62.1,,41.0,,0.0,G,999.9,0,0,0,0,0,0
725060,14756,2016,05,21,55.7,24,48.8,24,1021.0,24,1019.3,24,9.7,24,6.5,24,9.9,999.9,70.0,,46.0,,0.0,G,999.9,0,1,0,0,0,0
725060,14756,2016,04,29,46.1,24,33.9,24,1020.4,24,1018.8,24,10.0,24,9.4,24,14.0,19.0,54.0,,42.1,,0.0,G,999.9,0,1,0,0,0,0
725060,14756,2016,11,28,39.5,24,26.7,24,1019.2,24,1017.6,24,10.0,24,11.2,24,19.0,25.1,46.9,,33.1,,0.0,G,999.9,0,0,0,0,0,0
725060,14756,2016,10,26,44.7,24,28.1,24,1025.3,24,1023.6,24,10.0,24,14.9,24,19.0,27.0,53.1,,41.0,,0.0,G,999.9,0,0,0,0,0,0
725060,14756,2016,02,05,40.8,24,38.4,24,1012.4,11,1011.6,24,3.5,24,17.9,24,31.1,44.1,54.0,,32.0,,1.44,G,999.9,1,1,1,1,1,0
725060,14756,2016,09,09,71.4,24,68.3,24,1011.2,19,1009.5,24,5.9,24,10.3,24,13.0,999.9,79.0,,66.0,,0.16,G,999.9,1,1,0,0,0,0
725060,14756,2016,10,08,58.7,24,55.5,24,1020.5,20,1019.3,24,8.5,24,7.7,24,14.0,999.9,70.0,,44.1,,0.0,G,999.9,1,0,0,0,0,0
725060,14756,2016,11,24,42.2,24,34.3,24,1025.6,20,1024.1,24,10.0,24,6.0,24,9.9,15.0,48.9,,30.0,,0.0,G,999.9,0,0,0,0,0,0
725060,14756,2016,12,24,44.1,24,39.3,24,1024.7,21,1022.0,24,8.2,24,10.7,24,21.0,28.9,48.9,,36.0,,0.0,G,999.9,0,1,0,0,0,0
725060,14756,2016,12,02,46.4,24,32.8,24,1007.7,24,1006.1,24,10.0,24,12.9,24,19.0,28.0,57.0,,43.0,,0.06,G,999.9,0,0,0,0,0,0
725060,14756,2016,03,13,50.1,24,35.2,24,1015.2,24,1013.6,24,10.0,24,11.8,24,15.9,22.9,57.9,,30.9,,0.0,G,999.9,0,0,0,0,0,0
725060,14756,2016,12,18,49.8,24,48.0,24,1012.5,7,1010.9,24,2.5,24,13.2,24,26.0,35.0,57.0,*,43.0,*,0.48,G,999.9,1,1,0,0,0,0
725060,14756,2016,09,08,68.5,24,66.8,24,1012.0,10,1010.6,24,6.3,24,9.0,24,13.0,999.9,77.0,,66.0,,0.01,G,999.9,1,1,0,0,0,0
725060,14756,2016,06,07,61.2,24,59.8,24,1002.7,15,1000.4,24,3.8,24,8.7,24,14.0,999.9,69.1,,59.0,,0.0,G,999.9,1,0,0,0,0,0
725060,14756,2016,07,30,70.8,24,66.9,24,1015.0,16,1013.3,24,9.0,24,5.3,24,9.9,999.9,78.1,,64.9,,0.81,G,999.9,0,0,0,0,0,0
725060,14756,2016,11,17,48.6,24,43.0,24,1011.2,20,1009.6,24,9.6,24,8.4,24,15.0,24.1,57.0,,41.0,,0.0,G,999.9,0,0,0,0,0,0
725060,14756,2016,01,08,41.3,24,33.1,24,1022.3,22,1020.6,24,9.9,24,11.8,24,20.0,28.0,48.0,,30.9,,0.0,G,999.9,0,0,0,0,0,0
725060,14756,2016,11,15,54.8,24,50.1,24,1014.2,22,1012.1,24,8.6,24,9.9,24,19.0,27.0,62.1,,46.9,,0.0,G,999.9,0,1,0,0,0,0
725060,14756,2016,10,17,64.5,24,59.0,24,1013.4,22,1011.7,24,8.4,24,10.0,24,17.1,999.9,72.0,*,60.1,*,0.0,G,999.9,0,0,0,0,0,0
725060,14756,2016,10,19,65.6,24,62.5,24,1013.9,24,1012.1,24,6.4,24,11.2,24,15.0,999.9,71.1,,59.0,,0.0,G,999.9,0,0,0,0,0,0
725060,14756,2016,09,13,64.1,24,55.9,24,1023.0,24,1021.3,24,10.0,24,8.9,24,13.0,999.9,71.1,,55.9,,0.0,G,999.9,0,0,0,0,0,0
725060,14756,2016,10,11,54.3,24,42.2,24,1029.0,24,1027.3,24,10.0,24,10.1,24,15.0,20.0,60.1,,46.9,,0.03,G,999.9,0,0,0,0,0,0
725060,14756,2016,02,21,46.8,24,38.5,24,1010.7,24,1009.0,24,8.4,24,11.2,24,14.0,999.9,54.0,,39.0,,0.0,I,999.9,0,0,0,0,0,0
725060,14756,2016,09,01,71.5,24,67.0,24,1011.2,22,1009.5,24,9.7,24,6.8,24,8.9,999.9,77.0,,66.9,,0.0,G,999.9,0,1,0,0,0,0
725060,14756,2016,07,26,75.3,24,69.3,24,1009.6,22,1007.9,24,9.0,24,12.1,24,15.9,22.9,82.0,,68.0,,0.0,G,999.9,0,0,0,0,0,0
725060,14756,2016,04,28,47.7,24,34.1,24,1015.8,23,1014.0,24,10.0,24,10.1,24,15.0,999.9,54.0,,41.0,,0.0,G,999.9,0,0,0,0,0,0
725060,14756,2016,11,13,51.3,24,36.2,24,1017.2,24,1015.6,24,10.0,24,14.2,24,21.0,28.0,57.0,,37.9,,0.0,G,999.9,0,0,0,0,0,0
725060,14756,2016,05,01,45.2,24,36.3,24,1024.0,24,1022.3,24,9.7,24,6.1,24,13.0,999.9,55.0,,37.0,,0.0,G,999.9,0,1,0,0,0,0
725060,14756,2016,03,23,48.6,24,40.2,24,1015.8,24,1014.2,24,8.5,24,13.5,24,18.1,25.1,53.1,*,43.0,*,0.0,G,999.9,0,0,0,0,0,0
725060,14756,2016,09,25,57.6,24,39.4,24,1018.8,24,1017.2,24,10.0,24,10.8,24,17.1,24.1,66.0,,48.0,,0.0,I,999.9,0,0,0,0,0,0
725060,14756,2016,12,16,18.2,24,-2.1,24,1023.1,24,1021.5,24,10.0,24,17.8,24,32.1,49.0,23.0,*,12.9,*,0.0,I,999.9,0,0,0,0,0,0
725060,14756,2016,10,25,49.1,24,29.5,24,1017.6,24,1016.0,24,10.0,24,14.1,24,19.0,28.0,61.0,,45.0,,0.0,I,999.9,0,0,0,0,0,0
725060,14756,2016,01,11,43.2,24,30.5,24,1005.5,21,1001.8,22,8.4,24,17.5,24,24.1,31.1,57.9,,35.1,,2.17,G,999.9,1,1,0,0,0,0
725060,14756,2016,10,28,51.8,24,46.3,24,1015.4,13,1013.0,24,7.7,24,18.6,24,27.0,38.1,59.0,,39.9,,0.78,G,999.9,0,1,0,0,0,0
725060,14756,2016,11,20,47.0,24,42.3,24,996.0,13,996.4,24,5.5,24,14.4,24,27.0,36.9,50.0,*,41.0,*,0.13,G,999.9,1,1,0,0,0,0
725060,14756,2016,11,06,49.9,24,42.3,24,1019.1,20,1017.3,24,9.0,24,10.5,24,20.0,28.9,55.9,,36.0,,0.0,G,999.9,0,1,0,0,0,0
725060,14756,2016,08,27,74.4,24,64.2,24,1020.3,20,1018.0,24,7.7,24,8.3,24,14.0,999.9,81.0,,66.9,,0.0,G,999.9,1,0,0,0,0,0
725060,14756,2016,08,21,68.3,24,63.6,24,1014.5,20,1012.6,24,9.6,24,9.0,24,13.0,999.9,75.9,,63.0,,0.0,G,999.9,0,0,0,0,0,0
725060,14756,2016,04,27,45.0,24,36.9,24,1011.9,21,1010.3,24,10.0,24,7.8,24,12.0,999.9,51.1,,41.0,,0.24,G,999.9,0,0,0,0,0,0
725060,14756,2016,02,08,36.4,24,31.4,24,1009.0,13,1004.2,24,3.8,24,25.8,24,38.1,49.9,44.1,,32.0,,0.15,G,999.9,1,1,1,0,0,0
725060,14756,2016,07,15,70.7,24,67.9,24,1011.3,15,1009.7,24,5.2,24,9.6,24,14.0,21.0,75.0,,66.0,,0.0,G,999.9,1,0,0,0,0,0
725060,14756,2016,02,24,46.9,24,43.7,24,1020.0,16,1017.2,24,6.0,24,12.7,24,17.1,22.9,53.6,*,41.0,*,0.03,G,999.9,0,1,0,0,0,0
725060,14756,2016,01,14,28.9,24,14.7,24,1013.1,19,1011.1,24,8.1,24,11.4,24,20.0,27.0,37.9,,27.0,,0.01,G,999.9,0,0,1,0,0,0
725060,14756,2016,08,06,71.3,24,67.5,24,1009.4,20,1007.3,24,9.8,24,10.7,24,15.0,999.9,75.9,,55.0,,0.0,G,999.9,0,0,0,0,0,0
725060,14756,2016,12,21,38.8,24,29.0,24,1019.7,20,1018.2,24,10.0,24,9.7,24,15.0,18.1,43.0,,30.0,,0.0,G,999.9,0,0,0,0,0,0
725060,14756,2016,02,14,5.8,24,-6.7,24,1024.1,21,1022.8,24,8.5,24,16.3,24,22.9,36.9,27.0,,-2.0,,0.0,G,999.9,0,0,0,0,0,0
725060,14756,2016,02,13,23.5,24,11.8,24,1011.5,16,1009.3,24,7.4,24,12.2,24,24.1,29.9,27.0,,12.9,,0.0,G,999.9,0,0,1,0,0,0
725060,14756,2016,01,23,34.6,24,25.4,24,1014.3,18,1010.4,24,6.1,24,17.5,24,32.1,52.1,37.9,,21.9,,0.0,G,999.9,1,0,1,0,0,0
725060,14756,2016,04,08,49.7,24,43.2,24,1001.5,20,999.3,24,7.3,24,15.9,24,29.9,46.0,57.0,,44.1,,0.44,G,999.9,0,1,0,0,0,0
725060,14756,2016,11,18,50.9,24,44.1,24,1014.8,22,1013.2,24,10.0,24,18.0,24,22.9,28.9,55.0,,41.0,,0.0,G,999.9,0,0,0,0,0,0
725060,14756,2016,08,29,72.5,24,66.3,24,1019.0,23,1017.4,24,9.8,24,9.5,24,15.9,22.0,82.9,,57.9,,0.0,G,999.9,0,0,0,0,0,0
725060,14756,2016,06,16,65.2,24,56.3,24,1009.1,24,1007.5,24,10.0,24,6.6,24,14.0,21.0,73.9,,55.0,,0.0,G,999.9,0,0,0,0,0,0
725060,14756,2016,02,06,32.3,24,23.3,24,1026.1,24,1024.1,24,9.9,24,12.1,24,28.0,35.0,45.0,,28.0,,1.05,G,999.9,0,0,1,0,0,0
725060,14756,2016,01,27,43.0,24,36.7,24,1014.0,24,1012.3,24,7.5,24,9.4,24,15.0,999.9,48.0,,36.0,,0.0,G,999.9,0,1,0,0,0,0
725060,14756,2016,12,23,39.0,24,28.8,24,1023.3,24,1021.7,24,10.0,24,12.7,24,18.1,24.1,46.0,,27.0,,0.0,G,999.9,0,0,0,0,0,0
725060,14756,2016,05,15,55.7,24,46.4,24,1004.0,23,1002.3,24,8.9,24,16.3,24,24.1,35.9,70.0,,52.0,,0.09,G,999.9,0,1,0,0,0,0
725060,14756,2016,12,19,35.3,24,22.9,24,1032.7,23,1030.5,24,9.9,24,14.1,24,21.0,26.0,57.9,,30.0,,0.0,G,999.9,0,1,1,0,0,0
725060,14756,2016,07,28,72.2,24,69.0,24,1013.1,24,1011.5,24,9.7,24,7.2,24,11.1,999.9,81.0,,68.0,,0.0,G,999.9,0,0,0,0,0,0
725060,14756,2016,08,30,67.7,24,59.2,24,1020.0,24,1018.4,24,10.0,24,6.1,24,8.9,999.9,82.9,,59.0,,0.0,G,999.9,0,0,0,0,0,0
725060,14756,2016,01,20,29.4,24,11.2,24,1014.4,24,1012.7,24,10.0,24,18.9,24,27.0,36.9,37.0,,21.9,,0.0,G,999.9,0,0,0,0,0,0
725060,14756,2016,09,14,68.4,24,61.8,24,1018.3,24,1016.7,24,10.0,24,12.4,24,17.1,22.9,73.9,,57.9,,0.0,G,999.9,0,0,0,0,0,0
725060,14756,2016,04,24,49.1,24,31.2,24,1014.6,24,1013.0,24,10.0,24,13.4,24,21.0,27.0,60.1,,44.1,,0.26,G,999.9,0,0,0,0,0,0
725060,14756,2016,01,03,44.4,24,29.4,24,1010.4,24,1008.8,24,10.0,24,15.5,24,22.9,33.0,52.0,,34.0,,0.0,G,999.9,0,0,0,0,0,0
725060,14756,2016,01,07,40.5,24,29.9,24,1026.9,24,1025.2,24,10.0,24,6.8,24,13.0,999.9,46.9,,24.1,,0.0,G,999.9,0,0,0,0,0,0
725060,14756,2016,03,03,29.9,24,11.8,24,1019.2,24,1017.5,24,10.0,24,12.2,24,19.0,28.9,36.0,*,25.0,*,0.14,G,999.9,0,0,0,0,0,0
725060,14756,2016,03,14,43.8,24,33.8,24,1022.8,24,1021.1,24,9.5,24,12.3,24,20.0,28.9,46.0,*,41.0,*,0.0,G,999.9,0,1,0,0,0,0
725060,14756,2016,11,26,47.0,24,45.0,24,1018.2,13,1016.2,24,6.8,24,6.3,24,14.0,999.9,48.9,*,41.0,*,0.0,G,999.9,1,1,0,0,0,0
725060,14756,2016,05,13,55.5,24,51.7,24,1014.8,16,1012.2,24,6.6,24,8.3,24,14.0,999.9,68.0,,42.1,,0.0,G,999.9,1,1,0,0,0,0
725060,14756,2016,11,10,49.4,24,40.5,24,1011.2,18,1009.7,24,10.0,24,10.9,24,19.0,27.0,61.0,,44.1,,0.0,G,999.9,0,0,0,0,0,0
725060,14756,2016,12,29,37.3,24,29.4,24,1016.5,20,1011.8,24,8.6,24,10.3,24,24.1,33.0,48.9,,24.1,,0.0,G,999.9,0,1,0,0,0,0
725060,14756,2016,06,01,64.0,24,56.4,24,1018.2,21,1016.2,24,7.6,23,9.1,24,15.9,22.0,73.0,,57.0,,0.05,G,999.9,1,1,0,0,0,0
725060,14756,2016,10,20,60.4,24,54.3,24,1021.3,21,1019.4,24,9.1,24,10.5,24,19.0,24.1,71.1,,52.0,,0.0,G,999.9,1,0,0,0,0,0
725060,14756,2016,09,18,70.6,24,67.3,24,1019.6,22,1017.9,24,9.3,24,11.1,24,14.0,999.9,75.0,*,66.9,*,0.0,G,999.9,0,0,0,0,0,0
725060,14756,2016,10,24,57.5,24,41.6,24,1009.5,24,1007.9,24,9.9,22,12.5,22,20.0,27.0,61.0,,50.0,,0.07,G,999.9,0,1,0,0,0,0
725060,14756,2016,08,24,70.1,24,63.3,24,1024.3,24,1022.7,24,10.0,24,8.5,24,12.0,999.9,77.0,,63.0,,0.0,G,999.9,0,0,0,0,0,0
725060,14756,2016,06,15,63.7,24,55.0,24,1011.7,24,1010.0,24,10.0,24,8.9,24,14.0,999.9,73.9,,55.0,,0.0,G,999.9,0,0,0,0,0,0
725060,14756,2016,11,22,37.7,24,21.4,24,1009.0,24,1007.4,24,10.0,24,15.1,24,24.1,33.0,43.0,,34.0,,0.0,G,999.9,0,0,0,0,0,0
725060,14756,2016,08,10,70.6,24,67.2,24,1023.2,24,1021.6,24,9.9,24,8.6,24,14.0,999.9,80.1,,64.0,,0.0,G,999.9,0,1,0,0,0,0
725060,14756,2016,11,23,37.1,24,23.3,24,1019.9,24,1018.3,24,10.0,24,12.0,24,19.0,25.1,44.1,,30.9,,0.0,G,999.9,0,0,0,0,0,0
725060,14756,2016,01,31,45.0,24,39.0,24,1014.8,24,1013.2,24,8.6,24,12.5,24,17.1,24.1,50.0,,34.0,,0.0,G,999.9,0,0,0,0,0,0
725060,14756,2016,08,18,71.5,24,65.7,24,1015.5,24,1013.9,24,9.9,24,6.1,24,12.0,999.9,82.0,,64.9,,0.0,G,999.9,0,1,0,0,0,0
725060,14756,2016,10,01,62.0,24,60.2,24,1021.1,11,1020.1,24,1.7,24,14.0,24,19.0,28.0,64.9,,59.0,,1.63,G,999.9,1,1,0,0,0,0
725060,14756,2016,06,05,58.4,24,56.9,24,1012.4,11,1011.4,24,3.4,24,10.3,24,19.0,26.0,73.9,,54.0,,0.0,G,999.9,1,1,0,0,0,0
725060,14756,2016,05,24,54.6,24,52.0,24,1011.7,11,1009.9,24,4.4,24,10.7,24,15.9,18.1,72.0,,51.1,,0.0,G,999.9,1,1,0,0,0,0
725060,14756,2016,09,11,71.3,24,67.8,24,1015.3,13,1013.3,24,6.4,24,11.9,24,19.0,24.1,78.1,,64.9,,0.0,G,999.9,1,1,0,0,0,0
725060,14756,2016,05,04,47.3,24,43.5,24,1009.6,16,1007.6,24,7.9,24,12.8,24,26.0,29.9,50.0,,45.0,,0.71,G,999.9,0,1,0,0,0,0
725060,14756,2016,06,12,66.0,24,56.0,24,1001.7,20,1000.5,24,7.3,24,12.5,24,19.0,31.1,81.0,,55.0,,0.06,G,999.9,0,0,0,0,0,0
725060,14756,2016,01,06,33.5,24,19.3,24,1033.1,22,1031.6,24,10.0,24,8.3,24,17.1,999.9,45.0,,21.0,,0.0,G,999.9,0,0,0,0,0,0
725060,14756,2016,08,17,76.5,24,70.0,24,1014.4,22,1012.6,24,8.4,24,14.7,24,21.0,28.0,82.0,,70.0,,0.0,G,999.9,0,0,0,0,0,0
725060,14756,2016,08,01,68.2,24,62.4,24,1018.3,23,1016.7,24,9.3,24,9.2,24,14.0,999.9,75.0,,64.0,,0.55,G,999.9,0,1,0,0,0,0
725060,14756,2016,01,09,45.9,24,38.6,24,1022.7,23,1021.0,24,10.0,24,9.3,24,15.9,21.0,50.0,,30.9,,0.0,G,999.9,0,0,0,0,0,0
725060,14756,2016,03,09,46.4,24,41.8,24,1020.9,24,1019.3,24,8.0,24,9.4,24,14.0,999.9,55.0,,37.9,,0.0,G,999.9,0,0,0,0,0,0
725060,14756,2016,03,30,43.4,24,24.8,24,1023.9,24,1022.3,24,10.0,24,13.2,24,21.0,27.0,55.0,,37.9,,0.0,G,999.9,0,0,0,0,0,0
725060,14756,2016,10,05,58.7,24,53.2,24,1026.1,18,1024.4,24,10.0,24,12.9,24,17.1,20.0,62.1,*,55.4,*,0.0,I,999.9,0,0,0,0,0,0
725060,14756,2016,04,06,37.0,24,15.3,24,1026.7,24,1025.1,24,10.0,24,10.7,24,19.0,26.0,44.1,,28.9,,0.0,I,999.9,0,0,0,0,0,0
725060,14756,2016,06,11,58.1,24,53.3,24,1014.9,23,1013.0,24,9.8,24,9.6,24,17.1,20.0,64.0,,53.1,,0.0,G,999.9,0,1,0,0,0,0
725060,14756,2016,11,29,43.8,24,38.5,24,1021.7,23,1019.7,24,8.5,24,9.7,24,20.0,27.0,53.6,*,33.1,*,0.0,G,999.9,0,1,0,0,0,0
725060,14756,2016,02,28,42.8,24,31.7,24,1013.4,23,1011.9,24,10.0,24,16.6,24,21.0,27.0,48.9,,25.0,,0.0,G,999.9,0,0,0,0,0,0
725060,14756,2016,04,11,47.8,24,38.9,24,1026.0,24,1024.4,24,9.9,24,12.8,24,17.1,999.9,55.0,,35.1,,0.0,G,999.9,0,0,0,0,0,0
725060,14756,2016,09,12,65.1,24,52.1,24,1021.9,24,1020.2,24,10.0,24,7.9,24,15.9,999.9,78.1,,55.9,,0.0,G,999.9,0,0,0,0,0,0
725060,14756,2016,04,30,47.3,24,33.1,24,1022.4,24,1020.8,24,10.0,24,8.7,24,17.1,22.0,54.0,,37.0,,0.0,G,999.9,0,0,0,0,0,0
725060,14756,2016,08,09,71.5,24,64.7,24,1021.5,24,1019.9,24,10.0,24,6.6,24,8.9,27.0,80.1,,62.1,,0.0,G,999.9,0,0,0,0,0,0